SALE TYPE,SOLD DATE,PROPERTY TYPE,ADDRESS,CITY,STATE OR PROVINCE,ZIP OR POSTAL CODE,PRICE,BEDS,BATHS,LOCATION,SQUARE FEET,LOT SIZE,YEAR BUILT,DAYS ON MARKET,$/SQUARE FEET,HOA/MONTH,STATUS,NEXT OPEN HOUSE START TIME,NEXT OPEN HOUSE END TIME,URL (SEE http://www.redfin.com/buy-a-home/comparative-market-analysis FOR INFO ON PRICING),SOURCE,MLS#,FAVORITE,INTERESTED,LATITUDE,LONGITUDE
MLS Listing,,Condo/Co-op,248 Myrtle St,San Francisco,CA,94109,875000,2,,San Francisco,975,3828,1900,1,897,461,Active,,,http://www.redfin.com/CA/San-Francisco/248-Myrtle-St-94109/home/1491675,San Francisco MLS,421544867,N,Y,37.7852487,-122.4221514
MLS Listing,,Single Family Residential,4353 17th St,San Francisco,CA,94114,899000,1,1.0,San Francisco,685,1123,1909,1,1312,,Active,,,http://www.redfin.com/CA/San-Francisco/4353-17th-St-94114/home/1299551,San Francisco MLS,421544792,N,Y,37.7619358,-122.4417445
MLS Listing,,Condo/Co-op,1268 Dolores St,SAN FRANCISCO,CA,94110,1389000,2,2.0,SAN FRANCISCO,1267,2473,2012,2,1096,232,Active,,,http://www.redfin.com/CA/San-Francisco/1268-Dolores-St-94110/home/40454946,MLSListings,ML81841792,N,Y,37.7490964,-122.4252083
MLS Listing,,Condo/Co-op,109 South Lake Merced Hls Unit 3C,San Francisco,CA,94132,849000,2,2.0,San Francisco,1247,15336,1975,2,681,906,Active,,,http://www.redfin.com/CA/San-Francisco/109-S-Lake-Merced-Hls-94132/unit-3C/home/928576,San Francisco MLS,421544323,N,Y,37.7100088,-122.4836353
MLS Listing,,Single Family Residential,1324 20th St,San Francisco,CA,94107,1295000,2,1.0,San Francisco,1000,1646,1925,4,1295,,Active,,,http://www.redfin.com/CA/San-Francisco/1324-20th-St-94107/home/1662764,San Francisco MLS,421543012,N,Y,37.7602596,-122.3948918
MLS Listing,,Condo/Co-op,1 Baker St Unit 4A,SAN FRANCISCO,CA,94117,1348998,2,2.0,SAN FRANCISCO,1337,,1982,11,1009,875,Active,,,http://www.redfin.com/CA/San-Francisco/1-Baker-St-94117/unit-4A/home/598282,MLSListings,ML81840303,N,Y,37.770968,-122.4407319
MLS Listing,,Multi-Family (2-4 Unit),82 Landers St,San Francisco,CA,94114,2395000,3,3.0,San Francisco,2117,3125,1903,36,1131,,Active,,,http://www.redfin.com/CA/San-Francisco/82-Landers-St-94114/home/1093547,San Francisco MLS,421532622,N,Y,37.7665349,-122.4280219
MLS Listing,,Single Family Residential,542 Rhode Island St,San Francisco,CA,94107,2398000,3,2.0,San Francisco,,2500,1938,38,,,Active,,,http://www.redfin.com/CA/San-Francisco/542-Rhode-Island-St-94107/home/727244,San Francisco MLS,421531300,N,Y,37.7628828,-122.4026251
MLS Listing,,Condo/Co-op,5800 3Rd St #1211,San Francisco,CA,94124,680000,1,1.0,Portola District,817,,2010,73,832,432,Active,,,http://www.redfin.com/CA/San-Francisco/5800-3rd-St-94124/unit-1211/home/40625857,"bridgeMLS, Bay East AOR, or Contra Costa AOR",40938478,N,Y,37.7253452,-122.3948096
MLS Listing,,Condo/Co-op,855 Folsom St #510,San Francisco,CA,94107,930000,1,1.5,San Francisco,1030,55687,2001,76,903,722,Active,,,http://www.redfin.com/CA/San-Francisco/855-Folsom-St-94107/unit-510/home/12398153,San Francisco MLS,421520348,N,Y,37.7808956,-122.4019503
MLS Listing,,Condo/Co-op,1635 California St #24,San Francisco,CA,94109,1000000,2,2.0,San Francisco,915,,2005,108,1093,639,Active,,,http://www.redfin.com/CA/San-Francisco/1635-California-St-94109/unit-24/home/12277015,San Francisco MLS,511753,N,Y,37.7901978,-122.4213309
Redfin Data,,Single Family Residential,1403 Hudson Ave,San Francisco,CA,94124,1998000,4,2.5,San Francisco,3282,3424,2007,4,609,,Pre On-Market,,,http://www.redfin.com/CA/San-Francisco/1403-Hudson-Ave-94124/home/21967406,Coming Soon,70188,N,Y,37.737751,-122.384753
MLS Listing,,Single Family Residential,480 Kansas St,San Francisco,CA,94107,2099000,3,2.0,San Francisco,,2500,1930,1,,,Active,,,http://www.redfin.com/CA/San-Francisco/480-Kansas-St-94107/home/729102,San Francisco MLS,421544915,N,Y,37.7637961,-122.4037425
MLS Listing,,Condo/Co-op,1177 California St #622,San Francisco,CA,94108,649000,0,1.0,San Francisco,535,,1978,1,1213,1019,Active,,,http://www.redfin.com/CA/San-Francisco/1177-California-St-94108/unit-622/home/998555,San Francisco MLS,421544673,N,Y,37.7913209,-122.4137552
MLS Listing,,Condo/Co-op,950 Tennessee St #212,San Francisco,CA,94107,2043000,3,2.5,San Francisco,1414,,2020,1,1445,764,Active,,,http://www.redfin.com/CA/San-Francisco/950-Tennessee-St-94107/unit-212/home/175051133,San Francisco MLS,421544910,N,Y,37.7596747,-122.3898245
MLS Listing,,Single Family Residential,2440 14th Ave,San Francisco,CA,94116,2395000,4,2.5,San Francisco,3053,3600,1929,1,784,,Active,,,http://www.redfin.com/CA/San-Francisco/2440-14th-Ave-94116/home/661126,San Francisco MLS,421539225,N,Y,37.7425443,-122.4698386
MLS Listing,,Condo/Co-op,950 Tennessee St #119,San Francisco,CA,94107,645000,0,1.0,San Francisco,472,,2020,1,1367,436,Active,,,http://www.redfin.com/CA/San-Francisco/950-Tennessee-St-94107/unit-119/home/174673039,San Francisco MLS,421544900,N,Y,37.7596747,-122.3898245
MLS Listing,,Condo/Co-op,765 Market St Unit 33G,San Francisco,CA,94103,3150000,2,2.5,San Francisco,1761,60150,2001,1,1789,2744,Active,,,http://www.redfin.com/CA/San-Francisco/765-Market-St-94103/unit-33G/home/867939,San Francisco MLS,421539780,N,Y,37.786097,-122.4041629
MLS Listing,,Single Family Residential,6038 - 6040 Geary Blvd,San Francisco,CA,94121,1395000,4,1.5,San Francisco,3340,2495,1904,1,418,,Active,,,http://www.redfin.com/CA/San-Francisco/6038-Geary-Blvd-94121/home/173439047,San Francisco MLS,421538934,N,Y,37.7804168,-122.4843958
MLS Listing,,Single Family Residential,2387 Bay St,San Francisco,CA,94123,2495000,3,2.0,San Francisco,1890,1459,1954,1,1320,,Active,,,http://www.redfin.com/CA/San-Francisco/2387-Bay-St-94123/home/1288834,San Francisco MLS,421544665,N,Y,37.8013235,-122.4462069
MLS Listing,,Single Family Residential,825 Duncan St,San Francisco,CA,94131,2900000,4,3.0,San Francisco,1975,3645,1956,1,1468,,Active,,,http://www.redfin.com/CA/San-Francisco/825-Duncan-St-94131/home/1497403,San Francisco MLS,421544586,N,Y,37.7452658,-122.438637
MLS Listing,,Condo/Co-op,993 Tennessee St #7,San Francisco,CA,94107,1550000,2,2.5,San Francisco,1899,5675,2003,1,816,884,Active,,,http://www.redfin.com/CA/San-Francisco/993-Tennessee-St-94107/unit-7/home/870215,San Francisco MLS,421532424,N,Y,37.7596924,-122.3891607
MLS Listing,,Condo/Co-op,28 Parker Ave #302,San Francisco,CA,94118,1100000,2,2.0,San Francisco,,5510,1929,1,,555,Active,,,http://www.redfin.com/CA/San-Francisco/28-Parker-Ave-94118/unit-302/home/40260250,San Francisco MLS,421542518,N,Y,37.7856589,-122.454398
MLS Listing,,Vacant Land,1298 Potrero Ave,San Francisco,CA,94110,1450000,0,,San Francisco,,2674,,1,,,Active,,,http://www.redfin.com/CA/San-Francisco/1298-Potrero-Ave-94110/home/175050449,San Francisco MLS,421543727,N,Y,37.7514918,-122.4064307
MLS Listing,,Condo/Co-op,338 Potrero Ave #601,San Francisco,CA,94103,298906,1,1.0,San Francisco,671,11250,2017,1,445,634,Active,,,http://www.redfin.com/CA/San-Francisco/338-Potrero-Ave-94103/unit-601/home/125805874,San Francisco MLS,421544814,N,Y,37.7651556,-122.4077002
MLS Listing,,Condo/Co-op,1001 17th St #402,San Francisco,CA,94107,1250000,2,2.5,San Francisco,1240,9426,2016,1,1008,613,Active,,,http://www.redfin.com/CA/San-Francisco/1001-17th-St-94107/unit-402/home/104013408,San Francisco MLS,421536114,N,Y,37.7650727,-122.3940731
MLS Listing,,Condo/Co-op,57 Woodward St Unit A,San Francisco,CA,94110,719000,2,1.0,San Francisco,892,3972,1907,1,806,341,Active,,,http://www.redfin.com/CA/San-Francisco/57-Woodward-St-94103/unit-A/home/39977707,San Francisco MLS,421544783,N,Y,37.7690337,-122.4207489
MLS Listing,,Single Family Residential,209 South Hl,San Francisco,CA,94112,995000,2,1.0,San Francisco,1364,4499,1927,1,729,,Active,,,http://www.redfin.com/CA/San-Francisco/209-S-Hill-Blvd-94112/home/793588,San Francisco MLS,421542439,N,Y,37.71011,-122.4303341
MLS Listing,,Condo/Co-op,930 Pine St #301,San Francisco,CA,94108,790000,1,1.0,San Francisco,,,1973,1,,591,Active,,,http://www.redfin.com/CA/San-Francisco/930-Pine-St-94108/unit-301/home/1374165,San Francisco MLS,421544782,N,Y,37.7909799,-122.4111726
MLS Listing,,Condo/Co-op,5800 3rd St #1202,San Francisco,CA,94124,739000,2,2.0,San Francisco,1077,,2010,1,686,470,Active,,,http://www.redfin.com/CA/San-Francisco/5800-3rd-St-94124/unit-1202/home/40626094,San Francisco MLS,421542988,N,Y,37.7253452,-122.3948096
MLS Listing,,Multi-Family (5+ Unit),2261 - 2265 Market St,San Francisco,CA,94114,3395000,4,4.0,San Francisco,5967,3497,1900,1,569,,Active,,,http://www.redfin.com/CA/San-Francisco/2261-Market-St-94114/home/28890955,San Francisco MLS,421544103,N,Y,37.7647186,-122.4319401
MLS Listing,,Condo/Co-op,454 Lake St,San Francisco,CA,94118,1575000,2,1.0,San Francisco,,2184,1912,1,,610,Active,,,http://www.redfin.com/CA/San-Francisco/454-Lake-St-94118/home/1899361,San Francisco MLS,421543309,N,Y,37.786906,-122.464544
MLS Listing,,Single Family Residential,3625 Jackson St,San Francisco,CA,94118,7995000,6,5.0,San Francisco,4260,3227,1922,1,1877,,Active,,,http://www.redfin.com/CA/San-Francisco/3625-Jackson-St-94118/home/2035999,San Francisco MLS,421539068,N,Y,37.7897346,-122.4545749
MLS Listing,,Condo/Co-op,530 Noe St #530,San Francisco,CA,94114,1200000,2,2.0,San Francisco,,,,1,,,Active,,,http://www.redfin.com/CA/San-Francisco/530-Noe-St-94114/unit-530/home/175049104,San Francisco MLS,421540638,N,Y,37.7604177,-122.4329323
MLS Listing,,Condo/Co-op,530 Noe St Unit A,San Francisco,CA,94114,850000,0,1.0,San Francisco,,,,1,,,Active,,,http://www.redfin.com/CA/San-Francisco/530-Noe-St-94114/unit-A/home/175049086,San Francisco MLS,421542116,N,Y,37.7604177,-122.4329323
MLS Listing,,Condo/Co-op,528 Noe St #528,San Francisco,CA,94114,1550000,2,2.0,San Francisco,,,,1,,,Active,,,http://www.redfin.com/CA/San-Francisco/528-Noe-St-94114/unit-528/home/175049053,San Francisco MLS,421540619,N,Y,37.7604,-122.433091
MLS Listing,,Multi-Family (2-4 Unit),46-52 Dearborn St,SAN FRANCISCO,CA,94110,1988000,8,4.0,SAN FRANCISCO,4272,3092,1907,1,465,,Active,,,http://www.redfin.com/CA/San-Francisco/46-Dearborn-St-94110/unit-52/home/1873836,MLSListings,ML81841918,N,Y,37.7624152,-122.4232316
MLS Listing,,Vacant Land,135 Wetmore St,San Francisco,CA,94108-1526,1895000,,,San Francisco,,2221,,1,,,Active,,,http://www.redfin.com/CA/San-Francisco/135-Wetmore-St-94108/home/1078059,"bridgeMLS, Bay East AOR, or Contra Costa AOR",40948179,N,Y,37.7942099,-122.4106455
MLS Listing,,Single Family Residential,3520 Fulton St,San Francisco,CA,94118,2380000,5,6.0,San Francisco,3075,1999,1924,1,774,,Active,,,http://www.redfin.com/CA/San-Francisco/3520-Fulton-St-94118/home/1100609,San Francisco MLS,421544115,N,Y,37.7734697,-122.4695678
MLS Listing,,Single Family Residential,2002 California St,San Francisco,CA,94109,4275000,4,4.0,San Francisco,2750,2231,1923,1,1555,,Active,,,http://www.redfin.com/CA/San-Francisco/2002-California-St-94109/home/568519,San Francisco MLS,421544680,N,Y,37.7899079,-122.427852
MLS Listing,,Condo/Co-op,110 Channel St #106,San Francisco,CA,94158,1515000,2,2.0,San Francisco,,49773,2017,1,,944,Active,,,http://www.redfin.com/CA/San-Francisco/110-Channel-St-94158/unit-106/home/113913223,San Francisco MLS,421544538,N,Y,37.7751436,-122.3906212
MLS Listing,,Condo/Co-op,62 Dolores Ter,San Francisco,CA,94110,2200000,3,2.5,San Francisco,1996,1035,1997,1,1102,,Active,,,http://www.redfin.com/CA/San-Francisco/62-Dolores-Ter-94110/home/1956962,San Francisco MLS,421543543,N,Y,37.762745,-122.425722
MLS Listing,,Single Family Residential,8 San Gabriel Ave,San Francisco,CA,94112,1389000,2,1.0,San Francisco,1210,3131,1923,1,1148,,Active,,,http://www.redfin.com/CA/San-Francisco/8-San-Gabriel-Ave-94112/home/1066293,BAREIS,421542814,N,Y,37.7292727,-122.4380316
MLS Listing,,Single Family Residential,601 Laguna Honda Blvd,San Francisco,CA,94127,2195000,5,3.5,San Francisco,2864,4935,1924,1,766,,Active,,,http://www.redfin.com/CA/San-Francisco/601-Laguna-Honda-Blvd-94127/home/1014211,San Francisco MLS,421542104,N,Y,37.7458821,-122.4576267
MLS Listing,,Multi-Family (2-4 Unit),1235 18th Ave,San Francisco,CA,94122,1695000,4,4.0,San Francisco,4150,2996,1946,1,408,,Active,,,http://www.redfin.com/CA/San-Francisco/1235-18th-Ave-94122/home/1061591,San Francisco MLS,421544278,N,Y,37.7647692,-122.4764648
MLS Listing,,Single Family Residential,459 & 461 Potrero Ave,SAN FRANCISCO,CA,94110,1850000,5,3.0,SAN FRANCISCO,2592,2500,1906,1,714,,Active,,,http://www.redfin.com/CA/San-Francisco/461-Potrero-Ave-94110/home/148059455,MLSListings,ML81841885,N,Y,37.7637035,-122.4070112
MLS Listing,,Single Family Residential,1901 Scott St,San Francisco,CA,94115,12800000,5,6.0,San Francisco,,18905,1870,1,,,Active,,,http://www.redfin.com/CA/San-Francisco/1901-Scott-St-94115/home/589401,San Francisco MLS,421543165,N,Y,37.7877068,-122.4389827
MLS Listing,,Multi-Family (2-4 Unit),20 - 22 Darrell Pl,San Francisco,CA,94133,2495000,4,,San Francisco,3029,1263,1927,1,824,,Active,,,http://www.redfin.com/CA/San-Francisco/20-Darrell-Pl-94133/home/1115736,San Francisco MLS,421540137,N,Y,37.8023265,-122.4041864
MLS Listing,,Condo/Co-op,875 Vermont St #204,San Francisco,CA,94107,699000,1,1.0,San Francisco,,,1965,1,,185,Active,,,http://www.redfin.com/CA/San-Francisco/875-Vermont-St-94107/unit-204/home/1922449,San Francisco MLS,421534716,N,Y,37.7585731,-122.403654
MLS Listing,,Condo/Co-op,2922 Franklin St,San Francisco,CA,94123,3800000,3,2.5,San Francisco,2735,2187,2019,1,1389,350,Active,,,http://www.redfin.com/CA/San-Francisco/2922-Franklin-St-94123/home/172616098,San Francisco MLS,421541582,N,Y,37.8015373,-122.425995
MLS Listing,,Condo/Co-op,601 Van Ness Ave #802,SAN FRANCISCO,CA,94102,625000,1,1.0,SAN FRANCISCO,676,,1982,2,925,940,Active,,,http://www.redfin.com/CA/San-Francisco/601-Van-Ness-Ave-94102/unit-802/home/951854,MLSListings,ML81841848,N,Y,37.7813653,-122.4215253
MLS Listing,,Single Family Residential,187 Skyview Way,San Francisco,CA,94131,1395000,3,2.0,San Francisco,1868,3371,1956,2,747,,Active,,,http://www.redfin.com/CA/San-Francisco/187-Skyview-Way-94131/home/677725,San Francisco MLS,421544595,N,Y,37.7534024,-122.4498864
MLS Listing,,Multi-Family (2-4 Unit),254 Roosevelt Way,San Francisco,CA,94114,2395000,6,6.0,San Francisco,5150,2500,,2,465,,Active,,,http://www.redfin.com/CA/San-Francisco/254-Roosevelt-Way-94114/home/1629257,San Francisco MLS,421544577,N,Y,37.766044,-122.440677
MLS Listing,,Single Family Residential,1286 26th Ave,San Francisco,CA,94122,1899000,3,3.0,San Francisco,2533,2375,1913,2,750,,Active,,,http://www.redfin.com/CA/San-Francisco/1286-26th-Ave-94122/home/1119115,San Francisco MLS,421543168,N,Y,37.763525,-122.4844261
MLS Listing,,Multi-Family (2-4 Unit),1270 - 1272 Hampshire St,San Francisco,CA,94110,1395000,3,1.0,San Francisco,2394,1920,1907,2,583,,Active,,,http://www.redfin.com/CA/San-Francisco/1270-Hampshire-St-94110/home/1083767,San Francisco MLS,421543567,N,Y,37.751876,-122.4074709
MLS Listing,,Condo/Co-op,355 1st St Unit S2103,San Francisco,CA,94105,949000,1,1.0,San Francisco,722,38571,2004,2,1314,839,Active,,,http://www.redfin.com/CA/San-Francisco/355-1st-St-94105/unit-S2103/home/879020,San Francisco MLS,421544549,N,Y,37.7868803,-122.3934978
MLS Listing,,Condo/Co-op,540 Delancey St #102,SAN FRANCISCO,CA,94107,800000,1,1.0,SAN FRANCISCO,926,,1890,2,864,670,Active,,,http://www.redfin.com/CA/San-Francisco/540-Delancey-St-94107/unit-102/home/1044341,MLSListings,ML81841824,N,Y,37.7842842,-122.391285
MLS Listing,,Condo/Co-op,109 South Lake Merced Hls Unit 2b,San Francisco,CA,94132,718000,3,2.0,San Francisco,1474,15336,1975,2,487,897,Active,,,http://www.redfin.com/CA/San-Francisco/109-S-Lake-Merced-Hls-94132/unit-2B/home/1875458,San Francisco MLS,421543028,N,Y,37.7100088,-122.4836353
MLS Listing,,Single Family Residential,1710 Diamond St,San Francisco,CA,94131,4498800,4,4.0,San Francisco,3645,2027,2014,2,1234,,Active,,,http://www.redfin.com/CA/San-Francisco/1710-Diamond-St-94131/home/69371543,San Francisco MLS,421543906,N,Y,37.7438471,-122.4358179
MLS Listing,,Condo/Co-op,3233 Jackson St #3,San Francisco,CA,94118,2300000,2,2.0,San Francisco,1850,6428,1913,2,1243,550,Active,,,http://www.redfin.com/CA/San-Francisco/3233-Jackson-St-94118/unit-3/home/1691778,San Francisco MLS,421542530,N,Y,37.7905145,-122.4481102
MLS Listing,,Single Family Residential,89 Bitting Ave,San Francisco,CA,94124,995000,3,2.0,San Francisco,1394,2006,1999,2,714,21,Active,,,http://www.redfin.com/CA/San-Francisco/89-Bitting-Ave-94124/home/753948,San Francisco MLS,421544423,N,Y,37.7270166,-122.3989218
MLS Listing,,Condo/Co-op,1515 15th St #305,SAN FRANCISCO,CA,94103,1180000,2,2.0,SAN FRANCISCO,1113,,2014,2,1060,586,Active,,,http://www.redfin.com/CA/San-Francisco/1515-15th-St-94103/unit-305/home/110052145,MLSListings,ML81841783,N,Y,37.7665977,-122.4181501
MLS Listing,,Single Family Residential,319 22nd Ave,San Francisco,CA,94121,2250000,4,3.0,San Francisco,2311,3000,1906,2,974,,Active,,,http://www.redfin.com/CA/San-Francisco/319-22nd-Ave-94121/home/608307,BAREIS,421544337,N,Y,37.7817475,-122.4819164
MLS Listing,,Condo/Co-op,2919 Pacific Ave #2,San Francisco,CA,94225,1095000,2,1.0,San Francisco,1125,6851,1905,2,973,725,Active,,,http://www.redfin.com/CA/San-Francisco/2919-Pacific-Ave-94115/unit-2/home/1755968,San Francisco MLS,421544431,N,Y,37.7921109,-122.4434891
MLS Listing,,Condo/Co-op,555 4th St #703,San Francisco,CA,94107,1050000,2,2.0,San Francisco,981,63237,2006,2,1070,680,Active,,,http://www.redfin.com/CA/San-Francisco/555-4th-St-94107/unit-703/home/12546350,San Francisco MLS,421540757,N,Y,37.7793967,-122.3967727
MLS Listing,,Single Family Residential,1244 16th Ave,San Francisco,CA,94122,1965000,4,2.0,San Francisco,,2500,1908,2,,,Active,,,http://www.redfin.com/CA/San-Francisco/1244-16th-Ave-94122/home/628273,San Francisco MLS,421540035,N,Y,37.7647571,-122.47378
MLS Listing,,Townhouse,4132 3rd St #5,San Francisco,CA,94124,949500,2,2.0,San Francisco,1314,5425,2014,3,723,720,Active,,,http://www.redfin.com/CA/San-Francisco/4132-3rd-St-94124/unit-5/home/63499201,San Francisco MLS,421544111,N,Y,37.7398756,-122.3891322
MLS Listing,,Single Family Residential,140 Everglade Dr,SAN FRANCISCO,CA,94132,1595000,4,2.0,SAN FRANCISCO,2092,3218,1951,3,762,,Active,,,http://www.redfin.com/CA/San-Francisco/140-Everglade-Dr-94132/home/1803056,MLSListings,ML81841733,N,Y,37.7316285,-122.4886706
MLS Listing,,Single Family Residential,114 Shields St,SAN FRANCISCO,CA,94132,899000,3,1.0,SAN FRANCISCO,1121,1688,1951,3,802,,Active,,,http://www.redfin.com/CA/San-Francisco/114-Shields-St-94132/home/1440706,MLSListings,ML81841716,N,Y,37.7180894,-122.4638738
MLS Listing,,Condo/Co-op,210 Dorland St,San Francisco,CA,94114,2500000,3,1.0,San Francisco,,,1910,3,,,Active,,,http://www.redfin.com/CA/San-Francisco/210-Dorland-St-94114/home/175041094,San Francisco MLS,421544291,N,Y,37.762178,-122.4289626
MLS Listing,,Condo/Co-op,420 Stanyan St #8,San Francisco,CA,94117,1495000,3,2.0,San Francisco,1520,6676,2003,3,984,838,Active,,,http://www.redfin.com/CA/San-Francisco/420-Stanyan-St-94117/unit-8/home/1449800,San Francisco MLS,421542271,N,Y,37.7744337,-122.4542758
MLS Listing,,Condo/Co-op,208 Dorland St,San Francisco,CA,94114,2000000,2,1.5,San Francisco,,6333,1910,3,,,Active,,,http://www.redfin.com/CA/San-Francisco/208-Dorland-St-94114/home/1702876,San Francisco MLS,421544217,N,Y,37.762349,-122.4290638
MLS Listing,,Multi-Family (2-4 Unit),1380 La Playa St,San Francisco,CA,94122,2250000,6,3.0,San Francisco,3384,3000,1961,3,665,,Active,,,http://www.redfin.com/CA/San-Francisco/1380-La-Playa-St-94122/unit-1/home/1684946,San Francisco MLS,421544219,N,Y,37.7607147,-122.5090004
MLS Listing,,Condo/Co-op,950 Columbus Ave #17,San Francisco,CA,94133,1698000,3,2.5,San Francisco,1776,11987,1984,3,956,1066,Active,,,http://www.redfin.com/CA/San-Francisco/950-Columbus-Ave-94133/unit-17/home/1560910,San Francisco MLS,421544194,N,Y,37.8032803,-122.4141853
MLS Listing,,Multi-Family (2-4 Unit),1136 Union St,San Francisco,CA,94109,5495000,9,2.5,San Francisco,5945,6320,1915,3,924,,Active,,,http://www.redfin.com/CA/San-Francisco/1136-Union-St-94109/home/539809,San Francisco MLS,421542434,N,Y,37.7995703,-122.418137
MLS Listing,,Condo/Co-op,1788 Clay St #205,San Francisco,CA,94109,980000,1,1.0,San Francisco,746,25662,2014,3,1314,678,Active,,,http://www.redfin.com/CA/San-Francisco/1788-Clay-St-94109/unit-205/home/108422754,San Francisco MLS,421544066,N,Y,37.7924998,-122.4222297
MLS Listing,,Single Family Residential,850-C Brunswick St,San Francisco,CA,94112,1650000,4,3.0,San Francisco,2178,2700,1998,3,758,,Active,,,http://www.redfin.com/CA/San-Francisco/850C-Brunswick-St-94112/home/1997913,"bridgeMLS, Bay East AOR, or Contra Costa AOR",40947915,N,Y,37.708459,-122.451132
MLS Listing,,Condo/Co-op,1001 Pine St #708,San Francisco,CA,94109,555000,0,1.0,San Francisco,454,18906,1963,3,1222,374,Active,,,http://www.redfin.com/CA/San-Francisco/1001-Pine-St-94109/unit-708/home/1973841,San Francisco MLS,421544108,N,Y,37.790348,-122.412568
MLS Listing,,Condo/Co-op,67 Mizpah St,San Francisco,CA,94131,579000,2,1.0,San Francisco,800,2980,1910,3,724,,Active,,,http://www.redfin.com/CA/San-Francisco/67-Mizpah-St-94131/home/1966797,San Francisco MLS,421523744,N,Y,37.7362671,-122.4386041
MLS Listing,,Single Family Residential,621 Teresita,San Francisco,CA,94127,2295000,4,4.0,San Francisco,,3990,1962,3,,,Active,,,http://www.redfin.com/CA/San-Francisco/621-Teresita-Blvd-94127/home/1996974,San Francisco MLS,421544069,N,Y,37.7370884,-122.4456746
MLS Listing,,Condo/Co-op,2250 Green St #4,San Francisco,CA,94123,1595000,2,2.0,San Francisco,,4448,1923,3,,641,Active,,,http://www.redfin.com/CA/San-Francisco/2250-Green-St-94123/unit-4/home/2030435,San Francisco MLS,421542833,N,Y,37.7963298,-122.4361737
MLS Listing,,Condo/Co-op,555 Golden Gate Ave Ph 11,San Francisco,CA,94102,1928888,3,2.0,San Francisco,,,2021,3,,729,Active,,,http://www.redfin.com/CA/San-Francisco/555-Golden-Gate-Ave-94102/unit-11/home/175037730,San Francisco MLS,421543223,N,Y,37.7808655,-122.4196054
MLS Listing,,Condo/Co-op,1480 Fulton St #3,San Francisco,CA,94117,1895000,3,2.0,San Francisco,1393,2848,2003,3,1360,460,Active,,,http://www.redfin.com/CA/San-Francisco/1480-Fulton-St-94117/unit-3/home/871725,San Francisco MLS,421543550,N,Y,37.7766671,-122.4410768
MLS Listing,,Multi-Family (2-4 Unit),804 22nd St,San Francisco,CA,94107,2750000,4,1.5,San Francisco,3686,2286,1900,3,746,,Active,,,http://www.redfin.com/CA/San-Francisco/804-22nd-St-94107/home/114077876,San Francisco MLS,421544008,N,Y,37.7580687,-122.3895369
MLS Listing,,Single Family Residential,2346 41st Ave,SAN FRANCISCO,CA,94116,1195000,3,1.5,SAN FRANCISCO,1174,2996,1955,3,1018,,Active,,,http://www.redfin.com/CA/San-Francisco/2346-41st-Ave-94116/home/1840310,MLSListings,ML81841588,N,Y,37.7430063,-122.4990981
MLS Listing,,Single Family Residential,42 Cameo Way,San Francisco,CA,94131,2295000,4,3.0,San Francisco,2518,3998,1962,3,911,,Active,,,http://www.redfin.com/CA/San-Francisco/42-Cameo-Way-94131/home/1151281,San Francisco MLS,421544027,N,Y,37.7449501,-122.4444458
MLS Listing,,Condo/Co-op,1835 19th Ave Unit B,San Francisco,CA,94122,1475000,5,4.0,San Francisco,2747,3000,2005,3,537,160,Active,,,http://www.redfin.com/CA/San-Francisco/1835-19th-Ave-94122/unit-B/home/110051662,San Francisco MLS,421542933,N,Y,37.7535413,-122.4766593
MLS Listing,,Single Family Residential,929 Rhode Island St,San Francisco,CA,94107,1859000,5,2.5,San Francisco,2394,4511,1904,3,777,,Active,,,http://www.redfin.com/CA/San-Francisco/929-Rhode-Island-St-94107/home/2022113,San Francisco MLS,421543166,N,Y,37.758017,-122.4017069
MLS Listing,,Single Family Residential,2510 Steiner St,San Francisco,CA,94115,5500000,2,2.5,San Francisco,1823,3266,1870,3,3017,,Active,,,http://www.redfin.com/CA/San-Francisco/2510-Steiner-St-94115/home/1171467,San Francisco MLS,421531283,N,Y,37.7927613,-122.436041
MLS Listing,,Condo/Co-op,442 Fair Oaks St,San Francisco,CA,94110,849000,1,1.0,San Francisco,680,3117,1910,3,1249,250,Active,,,http://www.redfin.com/CA/San-Francisco/442-Fair-Oaks-St-94110/home/40139008,San Francisco MLS,421543824,N,Y,37.749599,-122.4240276
MLS Listing,,Condo/Co-op,41 Landers St,San Francisco,CA,94114,795000,1,1.0,San Francisco,760,3125,1905,3,1046,312,Active,,,http://www.redfin.com/CA/San-Francisco/41-Landers-St-94114/home/704017,San Francisco MLS,421543854,N,Y,37.767121,-122.42748
MLS Listing,,Condo/Co-op,4547 18th St Unit B,San Francisco,CA,94114,1995000,4,2.5,San Francisco,2100,3034,1985,3,950,225,Active,,,http://www.redfin.com/CA/San-Francisco/4547-18th-St-94114/unit-B/home/114074508,San Francisco MLS,421543734,N,Y,37.7603833,-122.4405089
MLS Listing,,Multi-Family (2-4 Unit),2324 - 2326 Larkin St,San Francisco,CA,94109,1995000,5,,San Francisco,2440,1197,1909,3,818,,Active,,,http://www.redfin.com/CA/San-Francisco/2324-Larkin-St-94109/home/539779,San Francisco MLS,421542664,N,Y,37.7994078,-122.4205569
MLS Listing,,Single Family Residential,166 Highland Ave,San Francisco,CA,94110,1495000,4,2.0,San Francisco,1909,2495,1900,3,783,,Active,,,http://www.redfin.com/CA/San-Francisco/166-Highland-Ave-94110/home/1527386,San Francisco MLS,421537678,N,Y,37.7371556,-122.4221162
MLS Listing,,Condo/Co-op,260 King St #549,San Francisco,CA,94107,1095000,2,2.0,San Francisco,1231,213232,2004,3,890,944,Active,,,http://www.redfin.com/CA/San-Francisco/260-King-St-94107/unit-549/home/22889178,San Francisco MLS,421543908,N,Y,37.7776624,-122.3938672
MLS Listing,,Condo/Co-op,1025 17th St #6,San Francisco,CA,94107,765000,1,1.5,San Francisco,829,4133,1999,3,923,483,Active,,,http://www.redfin.com/CA/San-Francisco/1025-17th-St-94107/unit-6/home/2006587,San Francisco MLS,421543236,N,Y,37.7649809,-122.3943963
MLS Listing,,Condo/Co-op,2064 Jackson St,San Francisco,CA,94109,7895000,3,2.5,San Francisco,,4150,1909,3,,1780,Active,,,http://www.redfin.com/CA/San-Francisco/2064-Jackson-St-94109/home/1731229,San Francisco MLS,421528734,N,Y,37.793443,-122.429062
MLS Listing,,Condo/Co-op,109 Seal Cove Ter,San Francisco,CA,94134,958000,4,3.0,San Francisco,1968,10191,2013,3,487,456,Active,,,http://www.redfin.com/CA/San-Francisco/109-Seal-Cove-Ter-94134/home/69371444,San Francisco MLS,421537320,N,Y,37.7117992,-122.3944741
MLS Listing,,Single Family Residential,35 Broadmoor Dr,San Francisco,CA,94132,2800000,5,3.5,San Francisco,2719,6059,1942,4,1030,6,Active,,,http://www.redfin.com/CA/San-Francisco/35-Broadmoor-Dr-94132/home/837363,San Francisco MLS,421543905,N,Y,37.7279899,-122.4729287
MLS Listing,,Condo/Co-op,752 South Van Ness Ave,San Francisco,CA,94110,900000,3,1.5,San Francisco,1575,3568,1900,4,571,365,Active,,,http://www.redfin.com/CA/San-Francisco/752-S-Van-Ness-Ave-94110/home/17306698,San Francisco MLS,421540756,N,Y,37.7611453,-122.4174945
MLS Listing,,Single Family Residential,2430 26th Ave,San Francisco,CA,94116,2495000,4,4.0,San Francisco,2648,3000,1925,4,942,,Active,,,http://www.redfin.com/CA/San-Francisco/2430-26th-Ave-94116/home/1517246,San Francisco MLS,421542357,N,Y,37.7421755,-122.482834
MLS Listing,,Single Family Residential,51 Verna St,SAN FRANCISCO,CA,94127,1198000,2,1.0,SAN FRANCISCO,1085,2617,1959,4,1104,,Active,,,http://www.redfin.com/CA/San-Francisco/51-Verna-St-94127/home/690496,MLSListings,ML81840856,N,Y,37.7349693,-122.4481724
MLS Listing,,Condo/Co-op,1688 Pine St Unit W509,San Francisco,CA,94109,949000,1,1.0,San Francisco,717,35482,2016,4,1324,710,Active,,,http://www.redfin.com/CA/San-Francisco/1688-Pine-St-94109/unit-W509/home/109240375,San Francisco MLS,421543544,N,Y,37.7895497,-122.4233697
MLS Listing,,Condo/Co-op,1150 Dolores St #6,San Francisco,CA,94110,999000,1,1.0,San Francisco,771,,1929,4,1296,500,Active,,,http://www.redfin.com/CA/San-Francisco/1150-Dolores-St-94110/unit-6/home/1423795,San Francisco MLS,421543367,N,Y,37.7509045,-122.4254676
MLS Listing,,Single Family Residential,254 20th Ave,San Francisco,CA,94121,3495000,4,3.5,San Francisco,3257,3000,1912,4,1073,,Active,,,http://www.redfin.com/CA/San-Francisco/254-20th-Ave-94121/home/1959486,San Francisco MLS,421543498,N,Y,37.7831061,-122.4794402
MLS Listing,,Multi-Family (2-4 Unit),1333 York St,SAN FRANCISCO,CA,94110,1499998,6,4.0,SAN FRANCISCO,2589,3000,1908,4,579,,Active,,,http://www.redfin.com/CA/San-Francisco/1333-York-St-94110/home/1933812,MLSListings,ML81841453,N,Y,37.7506788,-122.4077042
MLS Listing,,Condo/Co-op,559 27th St #1,San Francisco,CA,94131,979000,2,1.0,San Francisco,,2848,1974,4,,,Active,,,http://www.redfin.com/CA/San-Francisco/559-27th-St-94131/unit-1/home/175031708,San Francisco MLS,421540865,N,Y,37.746414,-122.4327011
MLS Listing,,Single Family Residential,272 Broad St,San Francisco,CA,94112,999999,4,2.0,San Francisco,1352,2487,1908,4,,,Active,,,http://www.redfin.com/CA/San-Francisco/272-Broad-St-94112/home/1736769,MetroList,421543641,N,Y,37.713363,-122.4616846
MLS Listing,,Condo/Co-op,4096 17th St #301,San Francisco,CA,94114,695000,1,1.0,San Francisco,564,19533,1965,4,1232,447,Active,,,http://www.redfin.com/CA/San-Francisco/4096-17th-St-94114/unit-301/home/1927837,San Francisco MLS,421543682,N,Y,37.762822,-122.437239
MLS Listing,,Condo/Co-op,165 Ripley St,San Francisco,CA,94110,1298000,2,1.0,San Francisco,1225,2758,1957,4,1060,,Active,,,http://www.redfin.com/CA/San-Francisco/165-Ripley-St-94110/home/1242718,San Francisco MLS,421540566,N,Y,37.7444587,-122.411512
MLS Listing,,Single Family Residential,533 Laidley St,San Francisco,CA,94131,3695000,4,3.5,San Francisco,3310,2495,2012,4,1116,,Active,,,http://www.redfin.com/CA/San-Francisco/533-Laidley-St-94131/home/1836299,San Francisco MLS,421543158,N,Y,37.735539,-122.431232
MLS Listing,,Condo/Co-op,707 15th Ave,San Francisco,CA,94118,1095000,3,2.0,San Francisco,1380,2748,1919,4,793,175,Active,,,http://www.redfin.com/CA/San-Francisco/707-15th-Ave-94118/home/175030755,San Francisco MLS,421542363,N,Y,37.7746106,-122.4737606
MLS Listing,,Condo/Co-op,89 Goethe St #3,Daly City,CA,94014,550000,1,1.0,Daly City,900,9988,2005,4,611,464,Active,,,http://www.redfin.com/CA/Daly-City/89-Goethe-St-94014/unit-3/home/2100413,San Francisco MLS,421537600,N,Y,37.7081149,-122.4587988
MLS Listing,,Single Family Residential,2360 30th Ave,San Francisco,CA,94116,1395000,3,2.5,San Francisco,1924,3000,1915,4,725,,Active,,,http://www.redfin.com/CA/San-Francisco/2360-30th-Ave-94116/home/1884000,San Francisco MLS,421542063,N,Y,37.7432407,-122.4873395
MLS Listing,,Condo/Co-op,268 Lombard St #1,San Francisco,CA,94133,5995000,3,4.0,San Francisco,2546,6560,1936,4,2355,926,Active,,,http://www.redfin.com/CA/San-Francisco/268-Lombard-St-94133/unit-1/home/1707137,San Francisco MLS,421536020,N,Y,37.8038846,-122.4062632
MLS Listing,,Single Family Residential,1567 24th Ave,San Francisco,CA,94122-3313,1299000,2,1.5,Sunset,1500,3000,1938,4,866,,Active,,,http://www.redfin.com/CA/San-Francisco/1567-24th-Ave-94122/home/634663,"bridgeMLS, Bay East AOR, or Contra Costa AOR",40947677,N,Y,37.7583538,-122.4823918
MLS Listing,,Condo/Co-op,150 Page St #46,San Francisco,CA,94102,549000,0,1.0,San Francisco,483,7200,1929,4,1137,472,Active,,,http://www.redfin.com/CA/San-Francisco/150-Page-St-94102/unit-46/home/175029449,San Francisco MLS,421543107,N,Y,37.7741226,-122.423436
MLS Listing,,Condo/Co-op,268 Lombard St #4,San Francisco,CA,94133,999000,1,1.0,San Francisco,832,6560,1936,4,1201,232,Active,,,http://www.redfin.com/CA/San-Francisco/268-Lombard-St-94133/unit-4/home/1107764,San Francisco MLS,421533155,N,Y,37.8038846,-122.4062632
MLS Listing,,Single Family Residential,762 29th Ave,San Francisco,CA,94121,1795000,3,2.5,San Francisco,1804,2996,1923,4,995,,Active,,,http://www.redfin.com/CA/San-Francisco/762-29th-Ave-94121/home/1894384,BAREIS,421542376,N,Y,37.7749933,-122.4884693
MLS Listing,,Condo/Co-op,201 Folsom St Unit 21A,San Francisco,CA,94105,1949000,2,2.0,San Francisco,1368,75406,2016,4,1425,1248,Active,,,http://www.redfin.com/CA/San-Francisco/201-Folsom-St-94105/unit-21A/home/144064119,San Francisco MLS,421543353,N,Y,37.7887059,-122.3922385
MLS Listing,,Condo/Co-op,488 Folsom #4801,San Francisco,CA,94105,5065000,3,3.0,San Francisco,2159,,2019,4,2346,1908,Active,,,http://www.redfin.com/CA/San-Francisco/488-Folsom-St-94105/unit-4801/home/147285114,San Francisco MLS,421543516,N,Y,37.7875077,-122.3944713
MLS Listing,,Single Family Residential,722 Madrid St,San Francisco,CA,94112,1249000,4,3.0,San Francisco,2119,2495,1928,4,589,,Active,,,http://www.redfin.com/CA/San-Francisco/722-Madrid-St-94112/home/1712721,San Francisco MLS,421542966,N,Y,37.7182249,-122.4356539
MLS Listing,,Condo/Co-op,1342 Broadway,San Francisco,CA,94109,1078000,2,1.0,San Francisco,1264,2973,1913,4,853,220,Active,,,http://www.redfin.com/CA/San-Francisco/1342-Broadway-94109/home/109278426,San Francisco MLS,421542951,N,Y,37.7965006,-122.4192797
MLS Listing,,Condo/Co-op,2001 Mcallister St #321,San Francisco,CA,94118,1149000,2,2.0,San Francisco,,98109,2002,4,,847,Active,,,http://www.redfin.com/CA/San-Francisco/2001-McAllister-St-94118/unit-321/home/12397989,San Francisco MLS,421542919,N,Y,37.776448,-122.4460603
MLS Listing,,Single Family Residential,2533 Folsom St,San Francisco,CA,94110,3250000,4,4.0,San Francisco,2558,5540,1900,4,1271,,Active,,,http://www.redfin.com/CA/San-Francisco/2533-Folsom-St-94110/home/713114,San Francisco MLS,421539820,N,Y,37.7567143,-122.4141853
MLS Listing,,Condo/Co-op,280 Spear St Unit 37D,San Francisco,CA,94105,5900000,3,3.0,San Francisco,2355,47916,,4,2505,1514,Active,,,http://www.redfin.com/CA/San-Francisco/280-Spear-St-94105/unit-37D/home/175028209,San Francisco MLS,421543437,N,Y,37.790125,-122.3913867
MLS Listing,,Condo/Co-op,250 Clara St #15,San Francisco,CA,94107,799000,1,2.0,San Francisco,864,7927,2001,4,925,458,Active,,,http://www.redfin.com/CA/San-Francisco/250-Clara-St-94107/unit-15/home/12398118,San Francisco MLS,421542876,N,Y,37.7787489,-122.4035145
MLS Listing,,Multi-Family (5+ Unit),1754 - 1760 Mission St,San Francisco,CA,94103,3750000,1,,San Francisco,5970,2247,1906,4,628,,Active,,,http://www.redfin.com/CA/San-Francisco/1754-Mission-St-94103/home/702447,San Francisco MLS,421543464,N,Y,37.7689883,-122.4203465
MLS Listing,,Condo/Co-op,555 Golden Gate Ave Unit 2H,San Francisco,CA,94102,919000,2,2.0,San Francisco,912,,2021,4,1008,632,Active,,,http://www.redfin.com/CA/San-Francisco/555-Golden-Gate-Ave-94102/unit-2H/home/175027954,San Francisco MLS,421543255,N,Y,37.7808655,-122.4196054
MLS Listing,,Condo/Co-op,555 Golden Gate Ave Unit 8C,San Francisco,CA,94102,998000,2,1.0,San Francisco,753,,2021,4,1325,597,Active,,,http://www.redfin.com/CA/San-Francisco/555-Golden-Gate-Ave-94102/unit-8C/home/175027953,San Francisco MLS,421543218,N,Y,37.7808655,-122.4196054
MLS Listing,,Condo/Co-op,555 Golden Gate Ave Unit 8A,San Francisco,CA,94102,799000,1,1.0,San Francisco,568,,2021,4,1407,554,Active,,,http://www.redfin.com/CA/San-Francisco/555-Golden-Gate-Ave-94102/unit-8A/home/175027952,San Francisco MLS,421543201,N,Y,37.7808655,-122.4196054
MLS Listing,,Condo/Co-op,83 Mcallister St #504,San Francisco,CA,94102,488000,1,0.5,San Francisco,261,7498,1908,4,1870,445,Active,,,http://www.redfin.com/CA/San-Francisco/83-McAllister-St-94102/unit-504/home/21967112,San Francisco MLS,421541882,N,Y,37.7806658,-122.413234
MLS Listing,,Single Family Residential,176 Merced Ave,San Francisco,CA,94127,1475000,2,1.5,San Francisco,1674,3123,1950,4,881,,Active,,,http://www.redfin.com/CA/San-Francisco/176-Merced-Ave-94127/home/1750448,San Francisco MLS,421540038,N,Y,37.7439238,-122.462536
MLS Listing,,Single Family Residential,530 Vienna St,San Francisco,CA,94112,1098000,3,2.0,Excelsior,2154,2500,1926,4,510,,Active,,,http://www.redfin.com/CA/San-Francisco/530-Vienna-St-94112/home/1006189,"bridgeMLS, Bay East AOR, or Contra Costa AOR",40947178,N,Y,37.7200513,-122.4309853
MLS Listing,,Single Family Residential,1010 Silliman St,San Francisco,CA,94134,1995000,5,3.5,San Francisco,2417,2395,,4,825,,Active,,,http://www.redfin.com/CA/San-Francisco/1010-Silliman-St-94134/home/1293838,San Francisco MLS,421542455,N,Y,37.7287135,-122.4153799
MLS Listing,,Multi-Family (2-4 Unit),737 - 739 Guerrero St,San Francisco,CA,94110,1495000,5,2.0,San Francisco,2616,2247,1907,4,571,,Active,,,http://www.redfin.com/CA/San-Francisco/737-Guerrero-St-94110/home/1053984,San Francisco MLS,421543210,N,Y,37.7593617,-122.4233431
MLS Listing,,Single Family Residential,1465 York St,SAN FRANCISCO,CA,94110,1699999,4,2.0,SAN FRANCISCO,1599,2495,1923,4,1063,,Active,,,http://www.redfin.com/CA/San-Francisco/1465-York-St-94110/home/1388247,MLSListings,ML81829109,N,Y,37.7488589,-122.4076365
MLS Listing,,Single Family Residential,225 Guttenberg St,San Francisco,CA,94112,899000,3,2.0,San Francisco,1298,2123,1959,4,693,,Active,,,http://www.redfin.com/CA/San-Francisco/225-Guttenberg-St-94112/home/1785166,San Francisco MLS,421538199,N,Y,37.7103543,-122.442986
MLS Listing,,Condo/Co-op,1156 Stanyan St,San Francisco,CA,94117,1495000,2,1.0,San Francisco,,,1909,4,,300,Active,,,http://www.redfin.com/CA/San-Francisco/1156-Stanyan-St-94117/home/12402147,San Francisco MLS,421543081,N,Y,37.7632116,-122.4520162
MLS Listing,,Single Family Residential,17 Olympia Way,San Francisco,CA,94131,1498000,5,3.0,San Francisco,1533,2949,1956,4,977,2,Active,,,http://www.redfin.com/CA/San-Francisco/17-Olympia-Way-94131/home/1246636,San Francisco MLS,421541359,N,Y,37.7510836,-122.4525364
MLS Listing,,Condo/Co-op,3802 16th St,San Francisco,CA,94114,1695000,3,2.0,San Francisco,1386,2579,1962,4,1223,,Active,,,http://www.redfin.com/CA/San-Francisco/3802-16th-St-94114/home/11893163,San Francisco MLS,421541561,N,Y,37.7638572,-122.4370732
MLS Listing,,Multi-Family (2-4 Unit),528 Noe St,San Francisco,CA,94114,3600000,4,5.0,San Francisco,,,,4,,,Active,,,http://www.redfin.com/CA/San-Francisco/528-Noe-St-94114/home/1352258,San Francisco MLS,421542633,N,Y,37.7603997,-122.4330914
MLS Listing,,Condo/Co-op,570 Page St #4,San Francisco,CA,94117,1249000,2,2.5,San Francisco,1346,6160,1998,4,928,600,Active,,,http://www.redfin.com/CA/San-Francisco/570-Page-St-94117/unit-4/home/1776809,San Francisco MLS,421542155,N,Y,37.7733346,-122.4301129
MLS Listing,,Condo/Co-op,555 4th St #447,San Francisco,CA,94107,599000,0,1.0,San Francisco,454,63237,,4,1319,584,Active,,,http://www.redfin.com/CA/San-Francisco/555-4th-St-94107/unit-447/home/12402457,San Francisco MLS,421528291,N,Y,37.7793967,-122.3967727
MLS Listing,,Condo/Co-op,188 King St #207,San Francisco,CA,94107,1998000,2,3.0,San Francisco,1981,12272,2006,5,1009,759,Active,,,http://www.redfin.com/CA/San-Francisco/188-King-St-94107/unit-207/home/12402339,San Francisco MLS,421543321,N,Y,37.7786357,-122.3918135
MLS Listing,,Condo/Co-op,3321 26th St #4,San Francisco,CA,94110,995000,2,2.0,San Francisco,1034,3602,1980,5,962,250,Active,,,http://www.redfin.com/CA/San-Francisco/3321-26th-St-94110/unit-4/home/1265679,San Francisco MLS,421543267,N,Y,37.7488839,-122.416407
MLS Listing,,Condo/Co-op,30 Cunningham Pl,San Francisco,CA,94110,1499999,3,2.0,San Francisco,2718,3001,1910,5,552,,Active,,,http://www.redfin.com/CA/San-Francisco/30-Cunningham-Pl-94110/home/148075265,San Francisco MLS,514291,N,Y,37.7594035,-122.421955
MLS Listing,,Single Family Residential,1767 43rd Ave,SAN FRANCISCO,CA,94122,1449000,3,2.0,SAN FRANCISCO,1525,2909,1945,5,950,,Active,,,http://www.redfin.com/CA/San-Francisco/1767-43rd-Ave-94122/home/1910549,MLSListings,ML81841223,N,Y,37.7537221,-122.5024538
MLS Listing,,Single Family Residential,44 Stonecrest Dr,SAN FRANCISCO,CA,94132,3386000,4,4.5,SAN FRANCISCO,4084,9626,1939,5,829,,Active,,,http://www.redfin.com/CA/San-Francisco/44-Stonecrest-Dr-94132/home/1497311,MLSListings,ML81841203,N,Y,37.728849,-122.4732825
MLS Listing,,Other,1785 Alabama St #1785,SAN FRANCISCO,CA,94110,1299000,3,1.5,SAN FRANCISCO,1400,1999,1909,5,928,,Active,,,http://www.redfin.com/CA/San-Francisco/1785-Alabama-St-94110/unit-1785/home/175024821,MLSListings,ML81841198,N,Y,37.7444578,-122.410203
MLS Listing,,Other,1787 Alabama St #1787,SAN FRANCISCO,CA,94110,899000,2,1.0,SAN FRANCISCO,1200,1999,1909,5,749,,Active,,,http://www.redfin.com/CA/San-Francisco/1787-Alabama-St-94110/unit-1787/home/175024763,MLSListings,ML81841197,N,Y,37.7444411,-122.4101835
MLS Listing,,Condo/Co-op,10 Miller Pl #503,San Francisco,CA,94108,995000,1,1.0,San Francisco,785,5236,1963,5,1268,1190,Active,,,http://www.redfin.com/CA/San-Francisco/10-Miller-Pl-94108/unit-503/home/547251,San Francisco MLS,421542273,N,Y,37.793214,-122.4089198
MLS Listing,,Condo/Co-op,1200 California St Unit 11D,San Francisco,CA,94108,1995000,2,2.0,San Francisco,1800,19278,1962,5,1108,2450,Active,,,http://www.redfin.com/CA/San-Francisco/1200-California-St-94109/unit-11D/home/12400915,San Francisco MLS,511260,N,Y,37.7917486,-122.4144729
MLS Listing,,Condo/Co-op,40 Cole St,San Francisco,CA,94117,1249000,2,1.0,San Francisco,1330,2057,1911,5,939,255,Active,,,http://www.redfin.com/CA/San-Francisco/40-Cole-St-94117/home/11743270,San Francisco MLS,421542790,N,Y,37.7746799,-122.450988
MLS Listing,,Condo/Co-op,546 43rd Ave,San Francisco,CA,94121,799000,2,1.0,San Francisco,,3000,1947,5,,,Active,,,http://www.redfin.com/CA/San-Francisco/546-43rd-Ave-94121/home/2012979,San Francisco MLS,421542807,N,Y,37.7782689,-122.5036917
MLS Listing,,Townhouse,3176 Sacramento St,San Francisco,CA,94115,1699000,3,2.0,San Francisco,1388,14529,1979,5,1224,556,Active,,,http://www.redfin.com/CA/San-Francisco/3176-Sacramento-St-94115/home/587286,San Francisco MLS,421542821,N,Y,37.7885118,-122.4453114
MLS Listing,,Condo/Co-op,251 Bartlett St Unit B,San Francisco,CA,94110,1349000,2,2.5,San Francisco,1252,2750,1999,5,1077,388,Active,,,http://www.redfin.com/CA/San-Francisco/251-Bartlett-St-94110/unit-B/home/1258333,San Francisco MLS,421542453,N,Y,37.7530105,-122.4194505
MLS Listing,,Condo/Co-op,838 Kansas St Unit B,San Francisco,CA,94107,1798000,3,2.0,San Francisco,2045,2500,2015,5,879,300,Active,,,http://www.redfin.com/CA/San-Francisco/838-Kansas-St-94107/unit-B/home/110052588,San Francisco MLS,421541683,N,Y,37.7590578,-122.4031672
MLS Listing,,Condo/Co-op,123 San Jose Ave Unit B,San Francisco,CA,94110,559000,1,1.0,San Francisco,,2041,1880,5,,250,Active,,,http://www.redfin.com/CA/San-Francisco/123-San-Jose-Ave-94110/unit-B/home/175023217,San Francisco MLS,421536537,N,Y,37.7527979,-122.421353
MLS Listing,,Single Family Residential,2831 Kirkham St,San Francisco,CA,94122,1295000,3,2.0,San Francisco,1828,3000,1935,5,708,,Active,,,http://www.redfin.com/CA/San-Francisco/2831-Kirkham-St-94122/home/1693168,San Francisco MLS,421542913,N,Y,37.7589573,-122.4913733
MLS Listing,,Condo/Co-op,2830 22nd St #3,San Francisco,CA,94110,1089000,2,1.5,San Francisco,1090,2596,1900,5,999,200,Active,,,http://www.redfin.com/CA/San-Francisco/2830-22nd-St-94110/unit-3/home/91165567,San Francisco MLS,421541796,N,Y,37.7560924,-122.4109994
MLS Listing,,Single Family Residential,2830 22nd St,San Francisco,CA,94110,1089000,2,1.5,San Francisco,1090,2596,1900,5,999,200,Active,,,http://www.redfin.com/CA/San-Francisco/2830-22nd-St-94110/home/40041336,San Francisco MLS,421541873,N,Y,37.7560924,-122.4109994
MLS Listing,,Multi-Family (2-4 Unit),617 - 619 Minna St,San Francisco,CA,94103,1620000,4,4.0,San Francisco,3158,2000,1906,5,513,,Active,,,http://www.redfin.com/CA/San-Francisco/617-Minna-94103/home/1582601,San Francisco MLS,421540919,N,Y,37.7782812,-122.4107616
MLS Listing,,Single Family Residential,3927 - 3931 19th St,San Francisco,CA,94114,9500000,6,4.5,San Francisco,,8544,,5,,,Active,,,http://www.redfin.com/CA/San-Francisco/3927-19th-St-94114/home/711988,San Francisco MLS,421541332,N,Y,37.7592631,-122.4310315
MLS Listing,,Single Family Residential,2306 Geary Blvd,San Francisco,CA,94115,1299000,4,3.0,San Francisco,2050,,1904,5,634,,Active,,,http://www.redfin.com/CA/San-Francisco/2306-Geary-Blvd-94115/home/1460465,San Francisco MLS,421540974,N,Y,37.7832445,-122.4416042
MLS Listing,,Condo/Co-op,690 Market St #1505,San Francisco,CA,94104,1055000,1,1.5,San Francisco,952,11357,2007,5,1108,2895,Active,,,http://www.redfin.com/CA/San-Francisco/690-Market-St-94104/unit-1505/home/21967204,San Francisco MLS,421542747,N,Y,37.7883046,-122.4032778
MLS Listing,,Multi-Family (5+ Unit),620 Eddy St,San Francisco,CA,94109,7959000,2,,San Francisco,17546,6300,1910,6,454,,Active,,,http://www.redfin.com/CA/San-Francisco/620-Eddy-St-94109/home/577126,San Francisco MLS,421542893,N,Y,37.7834871,-122.4180833
MLS Listing,,Condo/Co-op,400 Bristol Ct #412,San Francisco,CA,94130,1823000,1,1.0,San Francisco,1066,,,6,1710,1327,Active,,,http://www.redfin.com/CA/San-Francisco/1-Yerba-Buena-Rd-94130/unit-412/home/175021382,San Francisco MLS,421542892,N,Y,37.8108709,-122.3668348
MLS Listing,,Condo/Co-op,400 Bristol Ct #306,San Francisco,CA,94130,2117000,2,2.5,San Francisco,1329,,,6,1593,1359,Active,,,http://www.redfin.com/CA/San-Francisco/1-Yerba-Buena-Rd-94130/unit-306/home/175021375,San Francisco MLS,421542891,N,Y,37.8108709,-122.3668348
MLS Listing,,Condo/Co-op,555 4th St #105,San Francisco,CA,94107,1995000,3,3.0,San Francisco,2279,63237,2006,6,875,898,Active,,,http://www.redfin.com/CA/San-Francisco/555-4th-St-94107/unit-105/home/18647174,San Francisco MLS,421542487,N,Y,37.7793967,-122.3967727
MLS Listing,,Condo/Co-op,151 Alice B. Toklas Pl #407,San Francisco,CA,94109,725000,1,1.0,San Francisco,783,25240,1920,6,926,823,Active,,,http://www.redfin.com/CA/San-Francisco/151-Alice-B-Toklas-94109/unit-407/home/1818030,San Francisco MLS,421542789,N,Y,37.7850997,-122.4205869
MLS Listing,,Single Family Residential,115 Highland Ave,SAN FRANCISCO,CA,94110,1688000,3,2.5,SAN FRANCISCO,1920,2495,1906,6,879,,Active,,,http://www.redfin.com/CA/San-Francisco/115-Highland-Ave-94110/home/1423198,MLSListings,ML81841043,N,Y,37.7375956,-122.4234889
MLS Listing,,Single Family Residential,8 Mateo St,San Francisco,CA,94131,1550000,3,2.5,San Francisco,,2796,1900,6,,,Active,,,http://www.redfin.com/CA/San-Francisco/8-Mateo-St-94131/home/844939,San Francisco MLS,421529864,N,Y,37.7371598,-122.4300696
MLS Listing,,Multi-Family (2-4 Unit),1127 - 1129 Clay St,San Francisco,CA,94108,2100000,5,3.0,San Francisco,2312,1271,1910,6,908,,Active,,,http://www.redfin.com/CA/San-Francisco/1127-Clay-St-94108/home/175011715,San Francisco MLS,421542727,N,Y,37.7934926,-122.4117685
MLS Listing,,Single Family Residential,195 San Anselmo Ave,San Francisco,CA,94127,3800000,5,3.5,San Francisco,3660,5954,1926,6,1038,235,Active,,,http://www.redfin.com/CA/San-Francisco/195-San-Anselmo-Ave-94127/home/2000783,San Francisco MLS,421542636,N,Y,37.7360646,-122.4644819
MLS Listing,,Condo/Co-op,2121 Webster St #408,San Francisco,CA,94115,3298000,2,2.0,San Francisco,1787,,2016,6,1846,1800,Active,,,http://www.redfin.com/CA/San-Francisco/2121-Webster-St-94115/unit-408/home/112998155,San Francisco MLS,421537578,N,Y,37.790222,-122.4329706
MLS Listing,,Single Family Residential,283 Ramsell St,San Francisco,CA,94132,829000,2,1.0,San Francisco,1000,2495,1941,6,829,,Active,,,http://www.redfin.com/CA/San-Francisco/283-Ramsell-St-94132/home/830620,San Francisco MLS,421542663,N,Y,37.7158099,-122.4664389
MLS Listing,,Condo/Co-op,333 Beale St Unit C8H,San Francisco,CA,94105,1399000,1,2.0,San Francisco,985,,2015,6,1420,1174,Active,,,http://www.redfin.com/CA/San-Francisco/333-Beale-St-94105/unit-C8H/home/147296157,San Francisco MLS,421538286,N,Y,37.7886251,-122.391875
MLS Listing,,Multi-Family (2-4 Unit),632 - 636 Balboa St,San Francisco,CA,94118,1895000,8,3.0,San Francisco,4740,2514,1908,6,400,,Active,,,http://www.redfin.com/CA/San-Francisco/632-Balboa-St-94118/home/616903,San Francisco MLS,421542405,N,Y,37.777404,-122.4657166
MLS Listing,,Single Family Residential,2606 21st St,San Francisco,CA,94110,1550000,3,,San Francisco,1488,1585,1914,6,1042,,Active,,,http://www.redfin.com/CA/San-Francisco/2606-21st-St-94110/home/1192978,San Francisco MLS,421540382,N,Y,37.7579191,-122.4071069
MLS Listing,,Single Family Residential,1183 Munich St,San Francisco,CA,94112,1050000,2,1.0,San Francisco,1272,2848,1927,6,825,,Active,,,http://www.redfin.com/CA/San-Francisco/1183-Munich-St-94112/home/1647331,San Francisco MLS,421542456,N,Y,37.7108351,-122.4380316
MLS Listing,,Condo/Co-op,4655 18th St,San Francisco,CA,94114,1195000,1,1.0,San Francisco,,,,6,,200,Active,,,http://www.redfin.com/CA/San-Francisco/4655-18th-St-94114/home/12277189,San Francisco MLS,421542661,N,Y,37.7603449,-122.4425085
MLS Listing,,Condo/Co-op,3190 Scott St #302,San Francisco,CA,94123,1295000,2,2.0,San Francisco,1037,7501,2010,6,1249,674,Active,,,http://www.redfin.com/CA/San-Francisco/3190-Scott-St-94123/unit-302/home/28922659,San Francisco MLS,421542267,N,Y,37.7990478,-122.4406495
MLS Listing,,Condo/Co-op,550 South Van Ness Ave #408,San Francisco,CA,94110,729000,1,1.0,San Francisco,796,13130,1992,6,916,516,Active,,,http://www.redfin.com/CA/San-Francisco/550-S-Van-Ness-Ave-94110/unit-408/home/708552,San Francisco MLS,421537553,N,Y,37.764336,-122.4179396
MLS Listing,,Condo/Co-op,3620 19th St #5,San Francisco,CA,94110,1575000,2,2.5,San Francisco,,39396,2008,6,,625,Active,,,http://www.redfin.com/CA/San-Francisco/3620-19th-St-94110/unit-5/home/23424250,San Francisco MLS,421541970,N,Y,37.7601561,-122.4243176
MLS Listing,,Condo/Co-op,140 South Van Ness Ave #529,San Francisco,CA,94103,949000,2,2.0,San Francisco,1160,43147,2002,6,818,643,Active,,,http://www.redfin.com/CA/San-Francisco/140-S-Van-Ness-Ave-94103/unit-529/home/1681968,San Francisco MLS,421542506,N,Y,37.7716556,-122.418809
MLS Listing,,Single Family Residential,135 Manor Dr,San Francisco,CA,94127,1095000,2,2.0,San Francisco,1212,2805,1928,6,903,,Active,,,http://www.redfin.com/CA/San-Francisco/135-Manor-Dr-94127/home/701802,San Francisco MLS,421542414,N,Y,37.728693,-122.4639954
MLS Listing,,Single Family Residential,685 Capp St,San Francisco,CA,94110,1295000,3,2.0,San Francisco,1496,1084,1900,6,866,,Active,,,http://www.redfin.com/CA/San-Francisco/685-Capp-St-94110/home/18471591,San Francisco MLS,421542298,N,Y,37.7558891,-122.4175958
MLS Listing,,Single Family Residential,942 Ingerson Ave,San Francisco,CA,94124,925000,3,2.0,San Francisco,,2495,1900,6,,,Active,,,http://www.redfin.com/CA/San-Francisco/942-Ingerson-Ave-94124/home/1140486,San Francisco MLS,421540290,N,Y,37.7186713,-122.3918271
MLS Listing,,Single Family Residential,1601 - 1603 11th Ave,San Francisco,CA,94122,2150000,4,5.5,San Francisco,2792,3005,1908,6,770,,Active,,,http://www.redfin.com/CA/San-Francisco/1601-11th-Ave-94122/home/883959,San Francisco MLS,421537781,N,Y,37.7581414,-122.4682452
MLS Listing,,Single Family Residential,850 Brunswick St Unit C,SAN FRANCISCO,CA,94112,1650000,4,3.0,SAN FRANCISCO,2178,2700,1998,7,758,,Active,,,http://www.redfin.com/CA/San-Francisco/850-Brunswick-St-94112/unit-C/home/175014444,MLSListings,ML81840948,N,Y,37.7084047,-122.4512908
MLS Listing,,Condo/Co-op,3620 Cesar Chavez St #404,San Francisco,CA,94110,1275000,2,2.0,San Francisco,1038,,2020,7,1228,600,Active,,,http://www.redfin.com/CA/San-Francisco/3620-Cesar-Chavez-94110/unit-404/home/170501388,San Francisco MLS,421542554,N,Y,37.7483761,-122.4219282
MLS Listing,,Condo/Co-op,555 Innes Ave #312,San Francisco,CA,94124,599000,1,1.0,San Francisco,655,,2016,7,915,479,Active,,,http://www.redfin.com/CA/San-Francisco/555-Innes-Ave-94124/unit-312/home/143076758,"bridgeMLS, Bay East AOR, or Contra Costa AOR",40947224,N,Y,37.7281082,-122.3692429
MLS Listing,,Condo/Co-op,16 Dehon St,San Francisco,CA,94114,1049000,2,1.5,San Francisco,,2260,,7,,324,Active,,,http://www.redfin.com/CA/San-Francisco/16-Dehon-St-94114/home/110052107,San Francisco MLS,421538882,N,Y,37.7641101,-122.430253
MLS Listing,,Condo/Co-op,229 Brannan St Unit 14E/G,San Francisco,CA,94107,3995000,4,3.0,San Francisco,2612,82966,2001,7,1529,2435,Active,,,http://www.redfin.com/CA/San-Francisco/229-Brannan-St-94107/unit-14E/home/1946878,San Francisco MLS,421541194,N,Y,37.7824513,-122.3902228
MLS Listing,,Single Family Residential,1934 30th Ave,San Francisco,CA,94116,1295000,2,1.0,San Francisco,1709,2996,1940,7,758,,Active,,,http://www.redfin.com/CA/San-Francisco/1934-30th-Ave-94116/home/1436818,San Francisco MLS,421542433,N,Y,37.7511929,-122.4878747
MLS Listing,,Condo/Co-op,1800 Bryant St #102,San Francisco,CA,94110,749000,1,1.5,San Francisco,747,14972,2000,7,1003,507,Active,,,http://www.redfin.com/CA/San-Francisco/1800-Bryant-St-94110/unit-102/home/1356130,San Francisco MLS,421535752,N,Y,37.7641196,-122.4108749
MLS Listing,,Condo/Co-op,955 Corbett Ave #7,San Francisco,CA,94131,685000,1,1.0,San Francisco,653,10038,1949,7,1049,497,Active,,,http://www.redfin.com/CA/San-Francisco/955-959-Corbett-Ave-94131/unit-7/home/114070172,San Francisco MLS,421542361,N,Y,37.7515863,-122.443413
MLS Listing,,Condo/Co-op,1934 Webster St,San Francisco,CA,94115,1295000,3,,San Francisco,1250,2194,1890,7,1036,300,Active,,,http://www.redfin.com/CA/San-Francisco/1934-Webster-St-94115/home/28939009,San Francisco MLS,421542362,N,Y,37.788694,-122.431849
MLS Listing,,Single Family Residential,3790 21st St,San Francisco,CA,94114,7900000,5,5.5,San Francisco,4400,1410,,7,1795,,Active,,,http://www.redfin.com/CA/San-Francisco/3790-21st-St-94114/home/1997153,San Francisco MLS,421540881,N,Y,37.7563698,-122.4321013
MLS Listing,,Condo/Co-op,5330 Diamond Heights Blvd Unit J204,SAN FRANCISCO,CA,94131,698000,1,1.0,SAN FRANCISCO,636,,1975,7,1097,565,Active,,,http://www.redfin.com/CA/San-Francisco/5330-Diamond-Heights-Blvd-94131/unit-J204/home/1169141,MLSListings,ML81840818,N,Y,37.742967,-122.437048
MLS Listing,,Condo/Co-op,401 Harrison St Unit 42A,San Francisco,CA,94105,3350000,2,2.0,San Francisco,1857,56023,2014,7,1804,150078,Active,,,http://www.redfin.com/CA/San-Francisco/401-Harrison-St-94105/unit-42A/home/129524011,San Francisco MLS,421541463,N,Y,37.7864989,-122.3921487
MLS Listing,,Condo/Co-op,181 Fremont Unit 63C,San Francisco,CA,94105,2970000,2,2.5,San Francisco,1262,,2018,7,2353,2678,Active,,,http://www.redfin.com/CA/San-Francisco/181-Fremont-St-94105/unit-63C/home/167299475,San Francisco MLS,421542358,N,Y,37.7898082,-122.3953565
MLS Listing,,Single Family Residential,1330 Plymouth Ave,San Francisco,CA,94112,1999000,4,3.0,San Francisco,1985,4874,1923,7,1007,12,Active,,,http://www.redfin.com/CA/San-Francisco/1330-Plymouth-Ave-94112/home/1486677,San Francisco MLS,421542062,N,Y,37.7263601,-122.4562114
MLS Listing,,Single Family Residential,2744 Baker St,San Francisco,CA,94123,8995000,4,5.5,San Francisco,,2495,2020,7,,,Active,,,http://www.redfin.com/CA/San-Francisco/2744-Baker-St-94123/home/175010472,BAREIS,421541677,N,Y,37.7964383,-122.4454306
MLS Listing,,Condo/Co-op,1620 Fulton St,San Francisco,CA,94117,1395000,2,1.5,San Francisco,1319,2556,1900,7,1058,100,Active,,,http://www.redfin.com/CA/San-Francisco/1620-Fulton-St-94117/home/110051739,San Francisco MLS,421542296,N,Y,37.7762711,-122.4436215
MLS Listing,,Single Family Residential,2707 Larkin St,San Francisco,CA,94109,11500000,4,7.0,San Francisco,5371,3713,1900,7,2141,,Active,,,http://www.redfin.com/CA/San-Francisco/2707-Larkin-St-94109/home/557159,San Francisco MLS,514141,N,Y,37.8030471,-122.4218397
MLS Listing,,Condo/Co-op,888 7th St #304,San Francisco,CA,94107,383277,1,1.0,San Francisco,535,95280,2007,7,716,385,Active,,,http://www.redfin.com/CA/San-Francisco/888-7th-St-94107/unit-304/home/17306051,San Francisco MLS,421542130,N,Y,37.7705534,-122.4004057
MLS Listing,,Multi-Family (2-4 Unit),1240 - 1244 Jones St,San Francisco,CA,94109,3300000,6,3.0,San Francisco,3540,1359,1908,7,932,,Active,,,http://www.redfin.com/CA/San-Francisco/1240-Jones-St-94109/home/1474634,San Francisco MLS,421540522,N,Y,37.7929965,-122.414187
MLS Listing,,Condo/Co-op,333 Beale St Unit 7A,San Francisco,CA,94105,1049000,1,1.0,San Francisco,873,75406,2015,7,1202,1156,Active,,,http://www.redfin.com/CA/San-Francisco/333-Beale-St-94105/unit-7A/home/110052455,San Francisco MLS,421542126,N,Y,37.7884937,-122.3918797
MLS Listing,,Single Family Residential,3526 19th St,San Francisco,CA,94110,4500000,4,4.5,San Francisco,3210,2500,2002,7,1402,,Active,,,http://www.redfin.com/CA/San-Francisco/3526-19th-St-94110/home/173631809,San Francisco MLS,421541979,N,Y,37.7602357,-122.4221026
MLS Listing,,Single Family Residential,245 Lakeshore Dr,San Francisco,CA,94132,1695000,4,2.0,San Francisco,1774,3135,1955,7,955,,Active,,,http://www.redfin.com/CA/San-Francisco/245-Lakeshore-Dr-94132/home/1105660,San Francisco MLS,421541673,N,Y,37.7304836,-122.4972722
MLS Listing,,Multi-Family (2-4 Unit),1271 - 1273 7th Ave,San Francisco,CA,94122,1899000,5,3.0,San Francisco,3592,3000,1913,7,529,,Active,,,http://www.redfin.com/CA/San-Francisco/1271-7th-Ave-94122/home/626772,San Francisco MLS,421542218,N,Y,37.7646058,-122.4645353
MLS Listing,,Condo/Co-op,333 Bush St #4104,San Francisco,CA,94104,1500000,2,2.0,San Francisco,1382,,1987,8,1085,1522,Active,,,http://www.redfin.com/CA/San-Francisco/333-Bush-St-94104/unit-4104/home/978806,San Francisco MLS,421542291,N,Y,37.7906431,-122.4030566
MLS Listing,,Single Family Residential,438 17th Ave,San Francisco,CA,94121,2250000,3,2.5,San Francisco,2380,3000,1916,8,945,,Active,,,http://www.redfin.com/CA/San-Francisco/438-17th-Ave-94121/home/612546,San Francisco MLS,421538193,N,Y,37.779674,-122.475779
MLS Listing,,Condo/Co-op,1100 Sacramento St #802,San Francisco,CA,94108,5500000,3,3.0,San Francisco,2526,14514,1925,8,2177,3049,Active,,,http://www.redfin.com/CA/San-Francisco/1100-Sacramento-St-94108/unit-802/home/175008808,San Francisco MLS,421542259,N,Y,37.7929478,-122.4114198
MLS Listing,,Multi-Family (2-4 Unit),40 Lundys Ln,San Francisco,CA,94110,1150000,3,2.0,San Francisco,1390,1746,1900,8,827,,Active,,,http://www.redfin.com/CA/San-Francisco/40-Lundys-Ln-94110/home/1598451,San Francisco MLS,421542166,N,Y,37.7446806,-122.4185656
MLS Listing,,Condo/Co-op,480 Mission Bay Blvd #313,San Francisco,CA,94158,1599000,2,2.0,San Francisco,1220,122891,2012,9,1311,875,Active,,,http://www.redfin.com/CA/San-Francisco/480-Mission-Bay-Blvd-N-94158/unit-313/home/40626109,San Francisco MLS,421542101,N,Y,37.7713607,-122.3890283
MLS Listing,,Multi-Family (2-4 Unit),1108 Treat,San Francisco,CA,94107,1225000,3,,San Francisco,1700,1563,,9,721,,Active,,,http://www.redfin.com/CA/San-Francisco/1108-Treat-Ave-94110/unit-1108/home/174777358,San Francisco MLS,421542171,N,Y,37.7521746,-122.4131592
MLS Listing,,Condo/Co-op,692 30th Ave,San Francisco,CA,94121,995000,2,1.0,San Francisco,1405,1440,1939,9,708,259,Active,,,http://www.redfin.com/CA/San-Francisco/692-30th-Ave-94121/home/2018598,San Francisco MLS,421541792,N,Y,37.776238,-122.489649
MLS Listing,,Condo/Co-op,1875 Mission St #109,San Francisco,CA,94103,1200000,2,2.0,San Francisco,1272,11181,2014,9,943,688,Active,,,http://www.redfin.com/CA/San-Francisco/1875-Mission-St-94103/unit-109/home/67980185,San Francisco MLS,421541864,N,Y,37.7671306,-122.4194657
MLS Listing,,Condo/Co-op,301 Rhode Island St Unit B6,San Francisco,CA,94103,1033000,1,2.0,San Francisco,1291,23254,1999,9,800,785,Active,,,http://www.redfin.com/CA/San-Francisco/301-Rhode-Island-St-94103/unit-B6/home/102815353,San Francisco MLS,421540370,N,Y,37.7654153,-122.4021001
MLS Listing,,Condo/Co-op,101 Crescent Way #2310,San Francisco,CA,94134,799000,2,2.0,San Francisco,984,42325,2001,9,,533,Active,,,http://www.redfin.com/CA/San-Francisco/101-Crescent-Way-94134/unit-2310/home/22889854,MetroList,421537390,N,Y,37.7108999,-122.389259
MLS Listing,,Condo/Co-op,129 Ellert St,San Francisco,CA,94110,899000,1,1.0,San Francisco,,2809,1910,9,,,Active,,,http://www.redfin.com/CA/San-Francisco/129-Ellert-St-94110/home/1775045,San Francisco MLS,421541093,N,Y,37.7385512,-122.4170613
MLS Listing,,Condo/Co-op,571 Waller St,San Francisco,CA,94117,1350000,2,1.5,San Francisco,1441,2250,1900,9,937,133,Active,,,http://www.redfin.com/CA/San-Francisco/571-Waller-St-94117/home/11743032,San Francisco MLS,421539944,N,Y,37.770607,-122.432977
MLS Listing,,Single Family Residential,1526 Palou Ave,SAN FRANCISCO,CA,94124,998000,4,3.0,SAN FRANCISCO,2138,2495,1914,9,467,,Active,,,http://www.redfin.com/CA/San-Francisco/1526-Palou-Ave-94124/home/2022169,MLSListings,ML81840679,N,Y,37.7334249,-122.389405
MLS Listing,,Condo/Co-op,472 Noe St,San Francisco,CA,94114,1050000,2,1.0,San Francisco,1145,3252,1901,9,917,395,Active,,,http://www.redfin.com/CA/San-Francisco/472-Noe-St-94114/home/1828131,San Francisco MLS,421540680,N,Y,37.761464,-122.433193
MLS Listing,,Condo/Co-op,725 Florida St #17,San Francisco,CA,94110,995000,1,1.5,San Francisco,927,9498,2000,9,1073,645,Active,,,http://www.redfin.com/CA/San-Francisco/725-Florida-St-94110/unit-17/home/175005376,San Francisco MLS,421541195,N,Y,37.7599462,-122.4105766
MLS Listing,,Single Family Residential,207 Ripley St,San Francisco,CA,94110,2200000,3,2.0,San Francisco,2010,2495,,9,1095,,Active,,,http://www.redfin.com/CA/San-Francisco/207-Ripley-St-94110/home/1862537,San Francisco MLS,421538601,N,Y,37.7445294,-122.409849
MLS Listing,,Multi-Family (2-4 Unit),431 - 433 Broderick St,San Francisco,CA,94117,1650000,4,3.0,San Francisco,3050,2417,1900,10,541,,Active,,,http://www.redfin.com/CA/San-Francisco/431-Broderick-St-94117/home/1051061,San Francisco MLS,421541980,N,Y,37.7742759,-122.4396542
MLS Listing,,Single Family Residential,341 San Fernando Way,San Francisco,CA,94127,1890000,5,4.0,San Francisco,2738,4029,1927,10,690,25,Active,,,http://www.redfin.com/CA/San-Francisco/341-San-Fernando-Way-94127/home/1884638,San Francisco MLS,421541991,N,Y,37.731151,-122.4694351
MLS Listing,,Single Family Residential,1742 28th Ave,SAN FRANCISCO,CA,94122,1895000,4,3.0,SAN FRANCISCO,1969,2962,1939,10,962,,Active,,,http://www.redfin.com/CA/San-Francisco/1742-28th-Ave-94122/home/2004172,MLSListings,ML81840658,N,Y,37.754868,-122.4859734
MLS Listing,,Condo/Co-op,888 7th St #137,San Francisco,CA,94107,588000,1,1.0,San Francisco,496,95280,2007,10,1185,376,Active,,,http://www.redfin.com/CA/San-Francisco/888-7th-St-94107/unit-137/home/17306215,San Francisco MLS,421542043,N,Y,37.7705534,-122.4004057
MLS Listing,,Single Family Residential,1563 38th Ave,San Francisco,CA,94122,1250000,2,1.0,San Francisco,1150,2996,1939,10,1087,,Active,,,http://www.redfin.com/CA/San-Francisco/1563-38th-Ave-94122/home/639347,San Francisco MLS,421542012,N,Y,37.757752,-122.4973806
MLS Listing,,Condo/Co-op,485 Potrero Ave Unit C,San Francisco,CA,94110,1100000,3,1.0,San Francisco,,,,10,,300,Active,,,http://www.redfin.com/CA/San-Francisco/485-Potrero-Ave-94110/unit-C/home/110052583,San Francisco MLS,421532062,N,Y,37.7634973,-122.407017
MLS Listing,,Single Family Residential,3095 23rd Ave,San Francisco,CA,94132,2495000,6,3.0,San Francisco,3365,3876,1936,10,741,,Active,,,http://www.redfin.com/CA/San-Francisco/3095-23rd-Ave-94132/home/1372670,San Francisco MLS,421540410,N,Y,37.7312745,-122.4794291
MLS Listing,,Condo/Co-op,338 18th Ave,San Francisco,CA,94121,995000,2,1.0,San Francisco,1161,2975,1916,10,857,321,Active,,,http://www.redfin.com/CA/San-Francisco/338-18th-Ave-94121/home/1350211,San Francisco MLS,421538418,N,Y,37.7816132,-122.4770137
MLS Listing,,Single Family Residential,529 Wildwood Way,San Francisco,CA,94112,1495000,3,3.0,San Francisco,1642,3036,1955,10,910,,Active,,,http://www.redfin.com/CA/San-Francisco/529-Wildwood-Way-94112/home/698005,San Francisco MLS,421540358,N,Y,37.7274328,-122.46059
MLS Listing,,Condo/Co-op,1750 Taylor St #1903,San Francisco,CA,94133,4995000,3,2.5,San Francisco,1830,,,10,2730,2816,Active,,,http://www.redfin.com/CA/San-Francisco/1750-Taylor-St-94133/unit-1903/home/12400393,San Francisco MLS,421540054,N,Y,37.7986997,-122.4137602
MLS Listing,,Condo/Co-op,370 De Haro St Unit B5,San Francisco,CA,94103,1088000,1,2.0,San Francisco,,23254,1999,10,,785,Active,,,http://www.redfin.com/CA/San-Francisco/370-De-Haro-St-94103/unit-B5/home/12396781,San Francisco MLS,421541512,N,Y,37.7652855,-122.4020113
MLS Listing,,Condo/Co-op,72 Townsend St #504,San Francisco,CA,94107,1495000,2,2.0,San Francisco,1260,29305,,10,1187,927,Active,,,http://www.redfin.com/CA/San-Francisco/72-Townsend-St-94107/unit-504/home/109278666,San Francisco MLS,421541800,N,Y,37.7812595,-122.3902125
MLS Listing,,Condo/Co-op,1 Hawthorne St Unit 24D,San Francisco,CA,94105,3300000,3,2.5,San Francisco,1956,12409,2010,10,1687,1837,Active,,,http://www.redfin.com/CA/San-Francisco/1-Hawthorne-St-94105/unit-24D/home/69371179,San Francisco MLS,421537673,N,Y,37.7857425,-122.3988969
MLS Listing,,Single Family Residential,420 Buchanan St,San Francisco,CA,94102,1995000,2,1.0,San Francisco,,1575,1895,10,,,Active,,,http://www.redfin.com/CA/San-Francisco/420-Buchanan-St-94102/home/1643135,San Francisco MLS,421541920,N,Y,37.7740565,-122.4272819
MLS Listing,,Single Family Residential,148 Huntington Dr,SAN FRANCISCO,CA,94132,1195000,3,1.0,SAN FRANCISCO,1215,3545,1953,10,984,,Active,,,http://www.redfin.com/CA/San-Francisco/148-Huntington-Dr-94132/home/1966969,MLSListings,ML81840590,N,Y,37.7322454,-122.495999
MLS Listing,,Vacant Land,611 Jones St,San Francisco,CA,94102,2199000,0,,San Francisco,,2186,,10,,,Active,,,http://www.redfin.com/CA/San-Francisco/611-Jones-St-94102/home/1852125,San Francisco MLS,421540975,N,Y,37.787086,-122.4134773
MLS Listing,,Single Family Residential,65 Meda Ave,San Francisco,CA,94112,1499000,4,3.0,San Francisco,1987,1663,1923,10,754,,Active,,,http://www.redfin.com/CA/San-Francisco/65-Meda-Ave-94112/home/1549493,San Francisco MLS,421541795,N,Y,37.723785,-122.4421898
MLS Listing,,Condo/Co-op,69 Clementina St #801,San Francisco,CA,94105,1049000,2,2.5,San Francisco,1192,3594,2006,10,880,600,Active,,,http://www.redfin.com/CA/San-Francisco/69-Clementina-St-94105/unit-801/home/11743618,San Francisco MLS,421540878,N,Y,37.7864296,-122.3964186
MLS Listing,,Condo/Co-op,69 Clementina St #803,San Francisco,CA,94105,849000,1,1.5,San Francisco,886,3594,2006,10,958,438,Active,,,http://www.redfin.com/CA/San-Francisco/69-Clementina-St-94105/unit-803/home/11743620,San Francisco MLS,421540794,N,Y,37.7864296,-122.3964186
MLS Listing,,Condo/Co-op,338 Main St Unit 12A,San Francisco,CA,94105,1899000,2,2.0,San Francisco,1379,75406,2016,10,1377,1248,Active,,,http://www.redfin.com/CA/San-Francisco/338-Main-St-94105/unit-12A/home/109464627,San Francisco MLS,421539779,N,Y,37.7886733,-122.3914178
MLS Listing,,Multi-Family (5+ Unit),994 Guerrero St,San Francisco,CA,94110,7750000,2,,San Francisco,10515,3633,1912,10,737,,Active,,,http://www.redfin.com/CA/San-Francisco/994-Guerrero-St-94110/home/1751134,San Francisco MLS,421541799,N,Y,37.7552792,-122.4235391
MLS Listing,,Condo/Co-op,420 Mission Bay Blvd #104,San Francisco,CA,94158,1838000,2,2.5,San Francisco,1635,122891,2012,10,1124,938,Active,,,http://www.redfin.com/CA/San-Francisco/420-Mission-Bay-Blvd-N-94158/unit-104/home/40477476,San Francisco MLS,421541836,N,Y,37.7715936,-122.3885893
MLS Listing,,Condo/Co-op,1218 Leavenworth St #1,San Francisco,CA,94109,865000,2,1.0,San Francisco,950,3667,1908,10,911,560,Active,,,http://www.redfin.com/CA/San-Francisco/1218-Leavenworth-St-94109/unit-1/home/11892960,San Francisco MLS,421541681,N,Y,37.7924823,-122.4157781
MLS Listing,,Condo/Co-op,1177 California #224,San Francisco,CA,94109,1895000,2,2.0,San Francisco,1653,,1978,10,1146,1802,Active,,,http://www.redfin.com/CA/San-Francisco/1177-California-St-94108/unit-224/home/2006975,San Francisco MLS,421540369,N,Y,37.7913209,-122.4137552
MLS Listing,,Condo/Co-op,1788 Clay St #208,San Francisco,CA,94109,999000,2,2.0,San Francisco,,25662,2014,10,,752,Active,,,http://www.redfin.com/CA/San-Francisco/1788-Clay-St-94109/unit-208/home/110051627,San Francisco MLS,421541740,N,Y,37.7924998,-122.4222297
MLS Listing,,Condo/Co-op,1944 Bush St,San Francisco,CA,94115,2299000,4,2.0,San Francisco,2130,,1900,10,1079,266,Active,,,http://www.redfin.com/CA/San-Francisco/1944-Bush-St-94115/home/569881,San Francisco MLS,421541386,N,Y,37.787837,-122.42931
MLS Listing,,Condo/Co-op,1070 Green St #801,San Francisco,CA,94133,2450000,2,2.0,San Francisco,1616,,1961,10,1516,2146,Active,,,http://www.redfin.com/CA/San-Francisco/1070-Green-St-94133/unit-801/home/1892827,San Francisco MLS,421541656,N,Y,37.7987899,-122.416799
MLS Listing,,Condo/Co-op,2177 3rd St #406,San Francisco,CA,94107,1360000,2,2.0,San Francisco,958,,2020,10,1420,918,Active,,,http://www.redfin.com/CA/San-Francisco/2177-3rd-St-94107/unit-406/home/175002376,San Francisco MLS,421540705,N,Y,37.7622702,-122.3882952
MLS Listing,,Condo/Co-op,2546 Folsom St,San Francisco,CA,94110,1495000,3,2.5,San Francisco,1980,3062,1900,10,755,,Active,,,http://www.redfin.com/CA/San-Francisco/2546-Folsom-St-94110/home/1255140,San Francisco MLS,421541670,N,Y,37.756507,-122.4148121
MLS Listing,,Condo/Co-op,3126 Scott St #1,San Francisco,CA,94123,1695000,2,2.0,San Francisco,1367,4092,1970,10,1240,818,Active,,,http://www.redfin.com/CA/San-Francisco/3126-Scott-St-94123/unit-1/home/2003101,San Francisco MLS,421537124,N,Y,37.798787,-122.4406416
MLS Listing,,Condo/Co-op,2177 3rd St #505,San Francisco,CA,94107,985000,1,1.0,San Francisco,719,,2020,10,1370,825,Active,,,http://www.redfin.com/CA/San-Francisco/2177-3rd-St-94107/unit-505/home/175002258,San Francisco MLS,421540711,N,Y,37.7622702,-122.3882952
MLS Listing,,Multi-Family (2-4 Unit),1114 - 1118 Valencia St,San Francisco,CA,94110,2500000,9,,San Francisco,5096,1854,1907,10,491,,Active,,,http://www.redfin.com/CA/San-Francisco/1114-Valencia-St-94110/home/160349084,San Francisco MLS,421541674,N,Y,37.75497,-122.4212058
MLS Listing,,Condo/Co-op,2250 24th St #329,San Francisco,CA,94107,898000,2,2.0,San Francisco,1030,80224,1989,10,872,628,Active,,,http://www.redfin.com/CA/San-Francisco/2250-24th-St-94107/unit-329/home/1388185,San Francisco MLS,421540567,N,Y,37.7533831,-122.4021236
MLS Listing,,Single Family Residential,243 Hearst Ave,San Francisco,CA,94131,1259000,3,2.0,San Francisco,1415,2813,1925,10,890,,Active,,,http://www.redfin.com/CA/San-Francisco/243-Hearst-Ave-94131/home/1034714,San Francisco MLS,421541655,N,Y,37.7305644,-122.4430635
MLS Listing,,Single Family Residential,114 - 116 College Ave,San Francisco,CA,94112,1475000,3,2.0,San Francisco,1950,1950,1916,10,756,,Active,,,http://www.redfin.com/CA/San-Francisco/114-College-Ave-94112/unit-116/home/809363,BAREIS,421539965,N,Y,37.7351882,-122.4267428
MLS Listing,,Single Family Residential,1400 - 1404 Montgomery St,San Francisco,CA,94133,6995000,6,7.5,San Francisco,5465,1406,1984,10,1280,,Active,,,http://www.redfin.com/CA/San-Francisco/1400-Montgomery-St-94133/home/539003,San Francisco MLS,421540649,N,Y,37.8021047,-122.4044356
MLS Listing,,Multi-Family (2-4 Unit),3965 - 67 24th St,San Francisco,CA,94114,1098000,2,2.0,San Francisco,2700,2848,1900,10,407,,Active,,,http://www.redfin.com/CA/San-Francisco/3965-24th-St-94114/home/1448743,San Francisco MLS,421540108,N,Y,37.7512319,-122.431046
MLS Listing,,Multi-Family (2-4 Unit),53 - 55 Pomona St,San Francisco,CA,94124,1459000,5,3.0,San Francisco,2763,5000,1923,10,528,,Active,,,http://www.redfin.com/CA/San-Francisco/53-Pomona-St-94124/home/1971427,San Francisco MLS,421541651,N,Y,37.7316262,-122.3931877
MLS Listing,,Condo/Co-op,280 Spear St Unit 6B,San Francisco,CA,94105,1595000,2,2.0,San Francisco,1260,47916,,10,1266,1229,Active,,,http://www.redfin.com/CA/San-Francisco/280-Spear-St-94105/unit-6B/home/175001616,San Francisco MLS,421541654,N,Y,37.790125,-122.3913867
MLS Listing,,Condo/Co-op,20 Norfolk St,San Francisco,CA,94103,949000,2,2.0,San Francisco,836,1773,2003,10,1135,350,Active,,,http://www.redfin.com/CA/San-Francisco/20-Norfolk-St-94103/home/867329,San Francisco MLS,421541586,N,Y,37.7710922,-122.4142005
MLS Listing,,Multi-Family (5+ Unit),3984 - 3988 Cesar Chavez St,San Francisco,CA,94131,1750000,4,4.0,San Francisco,2820,3420,1900,10,621,,Active,,,http://www.redfin.com/CA/San-Francisco/3984-Cesar-Chavez-94131/home/1614918,San Francisco MLS,421540637,N,Y,37.7478299,-122.4289228
MLS Listing,,Multi-Family (2-4 Unit),17 - 19A Card Aly,San Francisco,CA,94133,1175000,6,3.0,San Francisco,3036,1113,1912,10,387,,Active,,,http://www.redfin.com/CA/San-Francisco/17-Card-Aly-94133/home/542672,San Francisco MLS,421525403,N,Y,37.7988867,-122.4093167
MLS Listing,,Condo/Co-op,666 Post St #902,San Francisco,CA,94109,659000,1,1.0,San Francisco,775,,,10,850,785,Active,,,http://www.redfin.com/CA/San-Francisco/666-Post-St-94109/unit-902/home/12400763,San Francisco MLS,421540688,N,Y,37.7879107,-122.4129132
MLS Listing,,Condo/Co-op,881 Corbett Ave #1,San Francisco,CA,94131,1395000,2,2.5,San Francisco,1597,2378,2006,10,874,220,Active,,,http://www.redfin.com/CA/San-Francisco/881-Corbett-Ave-94131/unit-1/home/12277549,San Francisco MLS,421540224,N,Y,37.7527567,-122.4435169
MLS Listing,,Condo/Co-op,250 King St #852,San Francisco,CA,94107,1929000,3,2.0,San Francisco,1653,213232,2004,10,1167,1027,Active,,,http://www.redfin.com/CA/San-Francisco/250-King-St-94107/unit-852/home/12402044,San Francisco MLS,421538426,N,Y,37.7781222,-122.3932903
MLS Listing,,Condo/Co-op,2448 Lombard St Ph 3,San Francisco,CA,94123,3295000,3,2.5,San Francisco,,,2020,11,,896,Active,,,http://www.redfin.com/CA/San-Francisco/2448-Lombard-St-94123/unit-3/home/175000544,San Francisco MLS,421541340,N,Y,37.7993413,-122.441967
MLS Listing,,Condo/Co-op,2448 Lombard St Ph 4,San Francisco,CA,94123,2698000,3,3.0,San Francisco,,,2020,11,,793,Active,,,http://www.redfin.com/CA/San-Francisco/2448-Lombard-St-94123/unit-4/home/175000560,San Francisco MLS,421541549,N,Y,37.7993413,-122.441967
MLS Listing,,Condo/Co-op,555 Golden Gate Ave Unit 3F,San Francisco,CA,94102,998000,2,2.0,San Francisco,977,,2020,11,1021,645,Active,,,http://www.redfin.com/CA/San-Francisco/555-Golden-Gate-Ave-94102/unit-3F/home/175000399,San Francisco MLS,421541308,N,Y,37.7808655,-122.4196054
MLS Listing,,Condo/Co-op,555 Golden Gate Ave Unit 3A,San Francisco,CA,94102,668000,1,1.0,San Francisco,568,,2021,11,1176,553,Active,,,http://www.redfin.com/CA/San-Francisco/555-Golden-Gate-Ave-94102/unit-3A/home/175000394,San Francisco MLS,421541301,N,Y,37.7808655,-122.4196054
MLS Listing,,Condo/Co-op,555 Golden Gate Ave Unit 1B,San Francisco,CA,94102,649000,1,1.0,San Francisco,573,,2021,11,1133,553,Active,,,http://www.redfin.com/CA/San-Francisco/555-Golden-Gate-Ave-94102/unit-1B/home/175000393,San Francisco MLS,421541295,N,Y,37.7808655,-122.4196054
MLS Listing,,Condo/Co-op,2135 California St #3,San Francisco,CA,94115,1425000,3,2.0,San Francisco,1177,7563,1922,11,1211,509,Active,,,http://www.redfin.com/CA/San-Francisco/2135-California-St-94115/unit-3/home/175000355,San Francisco MLS,421541442,N,Y,37.7892176,-122.4295378
MLS Listing,,Condo/Co-op,3535 Wawona St #422,SAN FRANCISCO,CA,94116,1100000,1,1.0,SAN FRANCISCO,803,,2020,11,1370,533,Active,,,http://www.redfin.com/CA/San-Francisco/3535-Wawona-St-94116/unit-422/home/173690082,MLSListings,ML81840399,N,Y,37.7360911,-122.5046285
MLS Listing,,Single Family Residential,875 Francisco St,San Francisco,CA,94109,13500000,4,4.5,San Francisco,6330,3576,1915,11,2133,,Active,,,http://www.redfin.com/CA/San-Francisco/875-Francisco-St-94109/home/949892,San Francisco MLS,421541328,N,Y,37.8036803,-122.419539
MLS Listing,,Condo/Co-op,1365 Scott St #4,San Francisco,CA,94115,949000,2,1.5,San Francisco,938,8432,1987,11,1012,623,Active,,,http://www.redfin.com/CA/San-Francisco/1365-Scott-St-94115/unit-4/home/594046,San Francisco MLS,421541407,N,Y,37.782414,-122.437861
MLS Listing,,Single Family Residential,2674 San Jose Ave,San Francisco,CA,94112,998000,3,2.0,San Francisco,1624,2504,1949,11,615,,Active,,,http://www.redfin.com/CA/San-Francisco/2674-San-Jose-Ave-94112/home/938617,San Francisco MLS,421541349,N,Y,37.7147276,-122.4518658
MLS Listing,,Multi-Family (2-4 Unit),156 - 158 Beaver St,San Francisco,CA,94114,1999000,5,4.0,San Francisco,3035,1195,1929,11,659,63,Active,,,http://www.redfin.com/CA/San-Francisco/156-Beaver-St-94114/home/2036724,San Francisco MLS,421540898,N,Y,37.7651301,-122.4365001
MLS Listing,,Condo/Co-op,4761 18th St,San Francisco,CA,94114,1195000,2,1.0,San Francisco,1245,2737,1912,11,960,233,Active,,,http://www.redfin.com/CA/San-Francisco/4761-18th-St-94114/home/40628896,San Francisco MLS,421540173,N,Y,37.7596335,-122.4440987
MLS Listing,,Condo/Co-op,72 Cook St,San Francisco,CA,94118,1148000,2,1.0,San Francisco,1274,3050,1924,11,901,,Active,,,http://www.redfin.com/CA/San-Francisco/72-Cook-St-94118/home/591658,San Francisco MLS,421541360,N,Y,37.78254,-122.451966
MLS Listing,,Single Family Residential,31 Miramar Ave,San Francisco,CA,94112,1495000,3,2.0,San Francisco,2064,2809,1929,11,724,,Active,,,http://www.redfin.com/CA/San-Francisco/31-Miramar-Ave-94112/home/1037539,San Francisco MLS,421539764,N,Y,37.718827,-122.4584228
MLS Listing,,Single Family Residential,928 Castro St,San Francisco,CA,94114,2500000,3,2.5,San Francisco,1850,2622,1908,11,1351,,Active,,,http://www.redfin.com/CA/San-Francisco/928-Castro-St-94114/home/2016558,San Francisco MLS,421531504,N,Y,37.7540032,-122.4346253
MLS Listing,,Condo/Co-op,2401 45th Ave #3,San Francisco,CA,94116,775000,2,1.0,San Francisco,900,2178,1961,11,861,100,Active,,,http://www.redfin.com/CA/San-Francisco/2401-45th-Ave-94116/unit-3/home/982441,San Francisco MLS,421540879,N,Y,37.7416604,-122.5037261
MLS Listing,,Multi-Family (2-4 Unit),1742 - 1746 Filbert St,San Francisco,CA,94123,3688000,9,1.0,San Francisco,4644,4133,1911,11,794,,Active,,,http://www.redfin.com/CA/San-Francisco/1742-Filbert-St-94123/home/563026,San Francisco MLS,421540322,N,Y,37.799292,-122.4282454
MLS Listing,,Condo/Co-op,870 Harrison St #602,San Francisco,CA,94107,819000,1,1.0,San Francisco,583,5843,,11,1405,670,Active,,,http://www.redfin.com/CA/San-Francisco/870-Harrison-St-94107/unit-602/home/109315282,San Francisco MLS,421539483,N,Y,37.7797695,-122.401375
MLS Listing,,Condo/Co-op,630 Leavenworth St #5,San Francisco,CA,94109,929000,2,2.0,San Francisco,966,,1918,11,962,605,Active,,,http://www.redfin.com/CA/San-Francisco/630-Leavenworth-St-94109/unit-5/home/35636082,San Francisco MLS,421540961,N,Y,37.7869986,-122.4146335
MLS Listing,,Condo/Co-op,1160 Mission St #1106,San Francisco,CA,94103,1350000,2,2.0,San Francisco,1146,,2008,11,1178,961,Active,,,http://www.redfin.com/CA/San-Francisco/1160-Mission-St-94103/unit-1106/home/17305366,San Francisco MLS,421541246,N,Y,37.7786972,-122.4126145
MLS Listing,,Condo/Co-op,388 Fulton St #212,San Francisco,CA,94102,382532,1,1.0,San Francisco,404,12509,2016,11,947,491,Active,,,http://www.redfin.com/CA/San-Francisco/388-Fulton-St-94102/unit-212/home/113206651,San Francisco MLS,421541227,N,Y,37.7790326,-122.4231449
MLS Listing,,Condo/Co-op,1905 Laguna St #104,San Francisco,CA,94115,749000,0,1.0,San Francisco,,6250,1924,11,,538,Active,,,http://www.redfin.com/CA/San-Francisco/1905-Laguna-St-94115/unit-104/home/999393,San Francisco MLS,421538519,N,Y,37.788734,-122.4289813
MLS Listing,,Condo/Co-op,1310 California St,San Francisco,CA,94109,2150000,3,2.0,San Francisco,1690,1875,1911,11,1272,400,Active,,,http://www.redfin.com/CA/San-Francisco/1310-California-St-94109/home/549322,San Francisco MLS,421536018,N,Y,37.791374,-122.416141
MLS Listing,,Single Family Residential,4 Russian Hill Pl,San Francisco,CA,94133,5700000,3,3.0,San Francisco,,,1951,11,,,Active,,,http://www.redfin.com/CA/San-Francisco/4-Russian-Hill-Pl-94133/home/1126144,San Francisco MLS,421522919,N,Y,37.798069,-122.4149716
MLS Listing,,Multi-Family (2-4 Unit),312 - 312 A Lombard St,San Francisco,CA,94133,2395000,4,2.0,San Francisco,2212,1786,1926,11,1083,,Active,,,http://www.redfin.com/CA/San-Francisco/312-Lombard-St-94133/home/1935960,San Francisco MLS,421539106,N,Y,37.8037398,-122.4068964
MLS Listing,,Single Family Residential,71 Marston Ave,San Francisco,CA,94112,1788000,6,6.0,San Francisco,2520,2809,1926,11,710,,Active,,,http://www.redfin.com/CA/San-Francisco/71-Marston-Ave-94112/home/1790901,San Francisco MLS,421540641,N,Y,37.7273073,-122.445994
MLS Listing,,Single Family Residential,325 Surrey St,San Francisco,CA,94131,1695000,3,2.0,San Francisco,1514,2587,,11,1120,,Active,,,http://www.redfin.com/CA/San-Francisco/325-Surrey-St-94131/home/1363585,San Francisco MLS,421540197,N,Y,37.7357767,-122.437379
MLS Listing,,Single Family Residential,2523 Pacific Ave,San Francisco,CA,94115,14300000,5,6.0,San Francisco,8520,5114,1903,12,1678,,Active,,,http://www.redfin.com/CA/San-Francisco/2523-Pacific-Ave-94115/home/1498593,San Francisco MLS,421540634,N,Y,37.7927685,-122.4375893
MLS Listing,,Condo/Co-op,1438 Green St Unit 7C,San Francisco,CA,94109,1495000,2,2.0,San Francisco,1068,17413,1998,12,1400,1192,Active,,,http://www.redfin.com/CA/San-Francisco/1438-Green-St-94109/unit-7C/home/1999053,San Francisco MLS,421540909,N,Y,37.7980437,-122.4229237
MLS Listing,,Condo/Co-op,260 King St #609,San Francisco,CA,94107,799000,1,1.0,San Francisco,823,,2004,12,971,811,Active,,,http://www.redfin.com/CA/San-Francisco/260-King-St-94107/unit-609/home/12331054,San Francisco MLS,421537708,N,Y,37.7776624,-122.3938672
MLS Listing,,Single Family Residential,2178 18th Ave,San Francisco,CA,94116,2168000,5,5.0,San Francisco,2764,3606,1928,12,784,,Active,,,http://www.redfin.com/CA/San-Francisco/2178-18th-Ave-94116/home/1271060,San Francisco MLS,421531172,N,Y,37.747251,-122.4746976
MLS Listing,,Single Family Residential,674 29th St,San Francisco,CA,94131,1495000,2,2.5,San Francisco,,2848,1910,12,,,Active,,,http://www.redfin.com/CA/San-Francisco/674-29th-St-94131/home/844509,San Francisco MLS,421540689,N,Y,37.7433126,-122.4349369
MLS Listing,,Condo/Co-op,8 Octavia St #608,San Francisco,CA,94102,1295000,2,2.0,San Francisco,1001,12456,2014,12,1294,844,Active,,,http://www.redfin.com/CA/San-Francisco/8-Octavia-St-94102/unit-608/home/110051576,San Francisco MLS,421540185,N,Y,37.7726231,-122.4234103
MLS Listing,,Multi-Family (2-4 Unit),3268 - 3270 Market St,San Francisco,CA,94114,1099000,2,1.0,San Francisco,1000,860,1916,12,1099,,Active,,,http://www.redfin.com/CA/San-Francisco/3268-Market-St-94114/home/174978477,San Francisco MLS,421534919,N,Y,37.7585583,-122.4448599
MLS Listing,,Multi-Family (2-4 Unit),52 - 54 Valparaiso St,San Francisco,CA,94133,1788000,3,1.0,San Francisco,1622,919,1913,12,1102,,Active,,,http://www.redfin.com/CA/San-Francisco/52-Valparaiso-St-94133/home/1722253,San Francisco MLS,421526643,N,Y,37.8014242,-122.4136368
MLS Listing,,Condo/Co-op,1000 3rd St #412,San Francisco,CA,94158,987000,1,1.0,San Francisco,767,46014,2018,12,1287,828,Active,,,http://www.redfin.com/CA/San-Francisco/1000-3rd-St-94158/unit-412/home/112856095,San Francisco MLS,513815,N,Y,37.7752125,-122.3902276
MLS Listing,,Multi-Family (2-4 Unit),304 Holloway Ave,San Francisco,CA,94112,1150000,3,1.0,San Francisco,1968,2500,1916,13,584,,Active,,,http://www.redfin.com/CA/San-Francisco/304-Holloway-Ave-94112/home/1037444,San Francisco MLS,421540338,N,Y,37.7219958,-122.4564768
MLS Listing,,Single Family Residential,2700 Pierce St,San Francisco,CA,94123,12100000,6,6.0,San Francisco,6945,5262,1907,13,1742,,Active,,,http://www.redfin.com/CA/San-Francisco/2700-Pierce-St-94123/home/1626861,San Francisco MLS,421540321,N,Y,37.7950201,-122.4382528
MLS Listing,,Single Family Residential,534 Valley St,San Francisco,CA,94131,3995000,4,3.5,San Francisco,,2848,,13,,,Active,,,http://www.redfin.com/CA/San-Francisco/534-Valley-St-94131/home/1912621,San Francisco MLS,421540543,N,Y,37.7442269,-122.4342536
MLS Listing,,Single Family Residential,378 Collingwood St,San Francisco,CA,94114,5700000,3,3.0,San Francisco,2820,2570,1940,13,2021,,Active,,,http://www.redfin.com/CA/San-Francisco/378-Collingwood-St-94114/home/1291449,San Francisco MLS,421536620,N,Y,37.7564329,-122.4358772
MLS Listing,,Condo/Co-op,201 Folsom St Unit 2C,San Francisco,CA,94105,1548000,1,1.5,San Francisco,1354,75406,2016,13,1143,1242,Active,,,http://www.redfin.com/CA/San-Francisco/201-Folsom-St-94105/unit-2C/home/144064109,San Francisco MLS,421539858,N,Y,37.7887059,-122.3922385
MLS Listing,,Condo/Co-op,1075 Market St #307,San Francisco,CA,94103,331429,1,1.0,San Francisco,500,12286,2018,13,663,666,Active,,,http://www.redfin.com/CA/San-Francisco/1075-Market-St-94103/unit-307/home/169571393,San Francisco MLS,421540414,N,Y,37.7807996,-122.4118342
MLS Listing,,Multi-Family (2-4 Unit),1785-1787 Alabama St,SAN FRANCISCO,CA,94110,2200000,5,3.0,SAN FRANCISCO,3044,1999,1909,13,723,,Active,,,http://www.redfin.com/CA/San-Francisco/1785-Alabama-St-94110/home/2024976,MLSListings,ML81839973,N,Y,37.7444574,-122.410101
MLS Listing,,Multi-Family (2-4 Unit),3827 - 3829 20th St,San Francisco,CA,94114,3995000,6,3.0,San Francisco,4083,2848,1911,13,978,,Active,,,http://www.redfin.com/CA/San-Francisco/3827-20th-St-94114/home/1993403,San Francisco MLS,421540491,N,Y,37.7579421,-122.4264417
MLS Listing,,Multi-Family (5+ Unit),606 Broadway,SAN FRANCISCO,CA,94133,8000000,,,SAN FRANCISCO,11340,2291,1907,13,705,,Active,,,http://www.redfin.com/CA/San-Francisco/606-Broadway-94133/home/174976180,MLSListings,ML81838649,N,Y,37.798008,-122.4072142
MLS Listing,,Condo/Co-op,140 S Van Ness Ave #405,SAN FRANCISCO,CA,94103,750000,1,1.5,SAN FRANCISCO,830,,2002,13,904,560,Active,,,http://www.redfin.com/CA/San-Francisco/140-S-Van-Ness-Ave-94103/unit-405/home/22874502,MLSListings,ML81839937,N,Y,37.7716556,-122.418809
MLS Listing,,Single Family Residential,1417 15th St,San Francisco,CA,94103,5000000,0,,San Francisco,9045,5000,1906,13,553,,Active,,,http://www.redfin.com/CA/San-Francisco/1417-15th-St-94103/home/12395717,San Francisco MLS,421540425,N,Y,37.7666648,-122.4161551
MLS Listing,,Multi-Family (2-4 Unit),1708 - 1710 Lombard St,San Francisco,CA,94123,2200000,4,2.0,San Francisco,3040,2063,1924,13,724,,Active,,,http://www.redfin.com/CA/San-Francisco/1708-Lombard-St-94123/home/998859,San Francisco MLS,421539761,N,Y,37.8008921,-122.4297861
MLS Listing,,Single Family Residential,1575 26th Ave,San Francisco,CA,94122,1795000,2,1.0,San Francisco,1462,3000,1940,13,1228,,Active,,,http://www.redfin.com/CA/San-Francisco/1575-26th-Ave-94122/home/2021441,BAREIS,421536401,N,Y,37.7581292,-122.4845729
MLS Listing,,Condo/Co-op,110 Channel St #104,San Francisco,CA,94158,1299000,2,2.0,San Francisco,,,2017,13,,872,Active,,,http://www.redfin.com/CA/San-Francisco/110-Channel-St-94158/unit-104/home/167382781,San Francisco MLS,511484,N,Y,37.7751436,-122.3906212
MLS Listing,,Single Family Residential,18 Lapidge St,San Francisco,CA,94110,1195000,2,1.0,San Francisco,1083,2000,1909,13,1103,,Active,,,http://www.redfin.com/CA/San-Francisco/18-Lapidge-St-94110/home/710524,San Francisco MLS,421539000,N,Y,37.7612657,-122.4226029
MLS Listing,,Condo/Co-op,1868 Van Ness Ave #401,San Francisco,CA,94109,1225000,2,2.0,San Francisco,989,9202,2017,13,1239,769,Active,,,http://www.redfin.com/CA/San-Francisco/1868-Van-Ness-Ave-94109/unit-401/home/113439209,San Francisco MLS,421532425,N,Y,37.7929464,-122.422437
MLS Listing,,Townhouse,550 Davis #27,San Francisco,CA,94111,2998000,3,2.5,San Francisco,2020,83732,1981,13,1484,1431,Active,,,http://www.redfin.com/CA/San-Francisco/550-Davis-St-94111/unit-27/home/547533,San Francisco MLS,421538872,N,Y,37.797573,-122.3982752
MLS Listing,,Single Family Residential,581 Laidley St,SAN FRANCISCO,CA,94131,999000,1,1.0,SAN FRANCISCO,876,2495,1913,13,1140,,Active,,,http://www.redfin.com/CA/San-Francisco/581-Laidley-St-94131/home/807672,MLSListings,ML81839882,N,Y,37.7350422,-122.4320598
MLS Listing,,Condo/Co-op,2983 21st St Unit C,San Francisco,CA,94110,619000,1,1.0,San Francisco,,1711,1900,13,,,Active,,,http://www.redfin.com/CA/San-Francisco/2983-21st-St-94110/unit-C/home/174974901,San Francisco MLS,421540057,N,Y,37.7571598,-122.4142081
MLS Listing,,Condo/Co-op,2981 21st St,San Francisco,CA,94110,1299000,3,2.0,San Francisco,,1711,1900,13,,,Active,,,http://www.redfin.com/CA/San-Francisco/2981-21st-St-94110/home/714512,San Francisco MLS,421540053,N,Y,37.7571395,-122.414101
MLS Listing,,Condo/Co-op,776 Tehama St #9,San Francisco,CA,94103,375000,1,1.0,San Francisco,418,5886,2006,13,897,533,Active,,,http://www.redfin.com/CA/San-Francisco/776-Tehama-St-94103/unit-9/home/22886346,San Francisco MLS,421540153,N,Y,37.7749615,-122.4123732
MLS Listing,,Condo/Co-op,502 Roosevelt Way,San Francisco,CA,94114,1795000,3,2.0,San Francisco,1690,4713,,13,1062,350,Active,,,http://www.redfin.com/CA/San-Francisco/502-Roosevelt-Way-94114/home/671075,San Francisco MLS,421535931,N,Y,37.7634034,-122.44402
MLS Listing,,Single Family Residential,2640 Jackson St,San Francisco,CA,94115,14950000,9,7.5,San Francisco,7772,5819,1889,13,1924,,Active,,,http://www.redfin.com/CA/San-Francisco/2640-Jackson-St-94115/home/1999123,San Francisco MLS,421527637,N,Y,37.7921431,-122.4391376
MLS Listing,,Condo/Co-op,3700 Divisadero St #201,San Francisco,CA,94123,1599000,2,2.0,San Francisco,1225,4727,1993,13,1305,725,Active,,,http://www.redfin.com/CA/San-Francisco/3700-Divisadero-St-94123/unit-201/home/1832616,San Francisco MLS,421538579,N,Y,37.8039183,-122.4434356
MLS Listing,,Condo/Co-op,708 Long Bridge St #610,San Francisco,CA,94158,1599000,2,2.0,San Francisco,1309,84866,2016,13,1222,1180,Active,,,http://www.redfin.com/CA/San-Francisco/708-Long-Bridge-St-94158/unit-610/home/109464698,San Francisco MLS,421529536,N,Y,37.7720304,-122.3935768
MLS Listing,,Multi-Family (2-4 Unit),85 - 87 Diamond St,San Francisco,CA,94114,3200000,4,4.0,San Francisco,3790,3123,1930,13,844,,Active,,,http://www.redfin.com/CA/San-Francisco/85-Diamond-St-94114/home/671925,San Francisco MLS,421539900,N,Y,37.7611039,-122.4368959
MLS Listing,,Condo/Co-op,95 Red Rock Way Unit 207M,San Francisco,CA,94131,609000,0,1.0,San Francisco,592,6833,1972,13,1029,516,Active,,,http://www.redfin.com/CA/San-Francisco/95-Red-Rock-Way-94131/unit-207M/home/1457659,San Francisco MLS,421539819,N,Y,37.7463443,-122.4415484
MLS Listing,,Condo/Co-op,655 5th St #14,San Francisco,CA,94107,799000,1,2.0,San Francisco,975,11007,1999,13,819,620,Active,,,http://www.redfin.com/CA/San-Francisco/655-5th-St-94107/unit-14/home/12396769,San Francisco MLS,421531502,N,Y,37.775928,-122.397528
MLS Listing,,Single Family Residential,2232 Bush St,San Francisco,CA,94115,6200000,4,3.5,San Francisco,6374,3188,1919,14,973,,Active,,,http://www.redfin.com/CA/San-Francisco/2232-Bush-St-94115/home/174972855,San Francisco MLS,421540183,N,Y,37.7872091,-122.4341518
MLS Listing,,Condo/Co-op,1776 Sacramento St #305,San Francisco,CA,94109,1095000,2,2.0,San Francisco,1091,19662,1992,14,1004,841,Active,,,http://www.redfin.com/CA/San-Francisco/1776-Sacramento-St-94109/unit-305/home/1675482,San Francisco MLS,421539972,N,Y,37.7915441,-122.4221102
MLS Listing,,Condo/Co-op,1631 Pierce St,San Francisco,CA,94115,1895000,3,2.5,San Francisco,1504,3625,1886,14,1260,739,Active,,,http://www.redfin.com/CA/San-Francisco/1631-Pierce-St-94115/home/17393416,San Francisco MLS,421540198,N,Y,37.7853135,-122.4366597
MLS Listing,,Condo/Co-op,218 Corbett Ave,San Francisco,CA,94114,1595000,2,2.0,San Francisco,1675,2966,1902,14,952,366,Active,,,http://www.redfin.com/CA/San-Francisco/218-Corbett-Ave-94114/home/17306179,San Francisco MLS,421540156,N,Y,37.7616168,-122.4435169
MLS Listing,,Condo/Co-op,3620 Cesar Chavez St #301,San Francisco,CA,94110,1279000,2,2.0,San Francisco,1144,,2020,14,1118,618,Active,,,http://www.redfin.com/CA/San-Francisco/3620-Cesar-Chavez-94110/unit-301/home/171040784,San Francisco MLS,421538288,N,Y,37.7483761,-122.4219282
MLS Listing,,Multi-Family (2-4 Unit),1296 Dolores St,SAN FRANCISCO,CA,94110,2695000,4,2.0,SAN FRANCISCO,2920,1890,1922,14,923,,Active,,,http://www.redfin.com/CA/San-Francisco/1296-Dolores-St-94110/home/1535336,MLSListings,ML81839789,N,Y,37.7487398,-122.4251891
MLS Listing,,Multi-Family (5+ Unit),2120 Jones St,San Francisco,CA,94133,2600000,0,,San Francisco,4731,2121,1964,14,550,,Active,,,http://www.redfin.com/CA/San-Francisco/2120-Jones-St-94133/home/1506301,San Francisco MLS,421540081,N,Y,37.8009399,-122.4158666
MLS Listing,,Multi-Family (5+ Unit),2100 Jones St,San Francisco,CA,94133,4250000,6,,San Francisco,8193,2896,1912,14,519,,Active,,,http://www.redfin.com/CA/San-Francisco/2100-Jones-St-94133/unit-2102/home/1978470,San Francisco MLS,421540075,N,Y,37.8007593,-122.4157933
MLS Listing,,Condo/Co-op,1521 Sutter St #304,San Francisco,CA,94109,1295000,2,2.0,San Francisco,1075,10328,2008,14,1205,537,Active,,,http://www.redfin.com/CA/San-Francisco/1521-Sutter-St-94109/unit-304/home/21965882,San Francisco MLS,421535481,N,Y,37.786732,-122.4259523
MLS Listing,,Multi-Family (2-4 Unit),427 8th Ave,San Francisco,CA,94118,2399000,4,2.0,San Francisco,3850,2996,1923,14,623,,Active,,,http://www.redfin.com/CA/San-Francisco/427-8th-Ave-94118/home/1245126,San Francisco MLS,421539986,N,Y,37.7802953,-122.4667374
MLS Listing,,Single Family Residential,3132 Laguna St,San Francisco,CA,94123,1795000,2,1.0,San Francisco,,2125,1900,14,,,Active,,,http://www.redfin.com/CA/San-Francisco/3132-Laguna-St-94123/home/1941994,San Francisco MLS,421539174,N,Y,37.8000871,-122.4308795
MLS Listing,,Single Family Residential,1282 Stanyan St,San Francisco,CA,94117,2185000,3,2.0,San Francisco,1977,2250,1907,14,1105,,Active,,,http://www.redfin.com/CA/San-Francisco/1282-Stanyan-St-94117/home/602645,San Francisco MLS,421539721,N,Y,37.7600359,-122.4514345
